day,requests,page_views,cached_requests,bytes,partial,sample_interval
2025-05-07,63518,11393,34511,15336784822,False,1
2025-05-08,64333,9955,37749,8185844640,False,1
2025-05-09,70407,9904,43006,10052341296,False,1
2025-05-10,59683,10013,34233,3018490095,False,1
2025-05-11,40499,4746,19219,3414985664,False,1
2025-05-12,70135,9638,44626,8265086778,False,1
2025-05-13,94156,8241,69228,7220098033,False,1
2025-05-14,68619,10213,41074,9603747747,False,1
2025-05-15,53645,11665,24576,7668623440,False,1
2025-05-16,48789,10164,29156,3820688553,False,1
2025-05-17,99370,10769,69843,13324979008,False,1
2025-05-18,37532,6791,20641,7897932417,False,1
2025-05-19,41191,6572,20322,6773821269,False,1
2025-05-20,76469,13235,48450,8673821130,False,1
2025-05-21,51439,10475,24358,8463983484,False,1
2025-05-22,68416,12891,33097,12856871631,False,1
2025-05-23,121391,11361,66172,10985446005,False,1
2025-05-24,65756,8698,36388,9586083066,False,1
2025-05-25,71602,8627,43629,3221007617,False,1
2025-05-26,81745,8867,43058,9754152562,False,1
2025-05-27,102610,13855,58410,11025639755,False,1
2025-05-28,113853,18851,62780,14957049596,False,1
2025-05-29,121912,11919,59523,12402734500,False,1
2025-05-30,89206,12059,47881,8241608546,False,1
2025-05-31,69468,9077,38698,10468329700,False,1
2025-06-01,77062,10863,49184,6146210626,False,1
2025-06-02,55149,8410,25562,9882015974,False,1
2025-06-03,82697,11934,42561,11566596226,False,1
2025-06-04,76269,11982,35661,13593144252,False,1
2025-06-05,64012,8938,29085,6636097246,False,1
2025-06-06,56273,7812,24410,6619164281,False,1
2025-06-07,50017,10838,21776,4249106596,False,1
2025-06-08,41268,7754,19980,4134050837,False,1
2025-06-09,69717,9443,35153,9586891347,False,1
2025-06-10,62200,10119,30452,15599402084,False,1
2025-06-11,55516,10309,25119,11289776334,False,1
2025-06-12,86604,26009,52610,10664162736,False,1
2025-06-13,55445,8489,23684,5409956559,False,1
2025-06-14,45196,9012,18880,5809291270,False,1
2025-06-15,47746,9820,18169,5091297823,False,1
2025-06-16,68140,21177,41182,10268595020,False,1
2025-06-17,87735,36690,59162,13375308093,False,1
2025-06-18,66710,11399,29673,32580863035,False,1
2025-06-19,55933,10177,25666,13782764822,False,1
2025-06-20,64031,14217,28535,26874377386,False,1
2025-06-21,39532,9784,19924,11034566048,False,1
2025-06-22,79835,32728,61148,5696678887,False,1
2025-06-23,119207,38600,81251,12322509483,False,1
2025-06-24,57205,8676,28798,11260092786,False,1
2025-06-25,57804,13426,32085,16305525987,False,1
2025-06-26,51798,7934,25887,10463109471,False,1
2025-06-27,56894,8376,32172,12945181825,False,1
2025-06-28,36545,7876,18863,4249141753,False,1
2025-06-29,36906,8918,19519,2442385153,False,1
2025-06-30,188162,14331,97275,20358033595,False,1
2025-07-01,49083,11625,23332,15789189687,False,1
2025-07-02,58812,13425,26437,26794382862,False,1
2025-07-03,73440,12001,36000,18264382159,False,1
2025-07-04,50925,8592,25394,16889420467,False,1
2025-07-05,51744,15378,29713,14537732170,False,1
2025-07-06,94779,40359,73523,9232661142,False,1
2025-07-07,51848,11633,27554,5832538219,False,1
2025-07-08,65104,8360,39985,4049708590,False,1
2025-07-09,58092,7380,25400,9280277258,False,1
2025-07-10,48590,11217,21152,9839977144,False,1
2025-07-11,48829,10985,22956,11312127192,False,1
2025-07-12,46731,6355,28869,3376613836,False,1
2025-07-13,28663,4720,13866,3005387446,False,1
2025-07-14,58848,8912,29484,6484515001,False,1
2025-07-15,47242,6715,24245,8072362069,False,1
2025-07-16,47874,12992,24267,9947275653,False,1
2025-07-17,43519,9036,20762,14369891363,False,1
2025-07-18,36828,7650,17398,7858040054,False,1
2025-07-19,36814,8379,18390,6173028160,False,1
2025-07-20,36173,6330,16246,12083931206,False,1
2025-07-21,45335,8397,19258,10972856970,False,1
2025-07-22,46103,9589,22758,12569982691,False,1
2025-07-23,46317,9923,23096,8931354675,False,1
2025-07-24,49613,9472,20914,36004549934,False,1
2025-07-25,39607,7054,18188,15366058357,False,1
2025-07-26,34884,9567,15725,9245675738,False,1
2025-07-27,28867,7070,13353,4523962689,False,1
2025-07-28,44320,10270,21985,7101821162,False,1
2025-07-29,45814,9934,22092,16844362450,False,1
2025-07-30,44548,6204,20967,11030211612,False,1
2025-07-31,61768,11318,27327,13902453468,False,1
2025-08-01,74453,19495,49166,8785414457,False,1
2025-08-02,30045,7040,15804,2673195366,False,1
2025-08-03,33607,6951,18870,3692831483,False,1
2025-08-04,45094,8891,21956,6172539541,False,1
2025-08-05,54538,10951,26506,4499843699,False,1
2025-08-06,50712,13277,25691,6650921048,False,1
2025-08-07,54373,11479,25428,3839203863,False,1
2025-08-08,58971,16233,29736,4111819862,False,1
2025-08-09,41999,11618,20188,2357003601,False,1
2025-08-10,35783,9346,18721,1663982413,False,1
2025-08-11,54353,10916,27214,9251656327,False,1
2025-08-12,48683,9719,21035,11492882496,False,1
2025-08-13,53864,11747,25812,6223148448,False,1
2025-08-14,44284,12484,22205,3944280906,False,1
2025-08-15,58852,9965,31150,16709867490,False,1
2025-08-16,35826,9071,17015,2660396472,False,1
2025-08-17,43490,10769,21435,3120685144,False,1
2025-08-18,55475,12766,27184,8337428936,False,1
2025-08-19,56394,13947,27517,9808417741,False,1
2025-08-20,44844,14348,23233,6127592331,False,1
2025-08-21,47671,11018,21423,16197203271,False,1
2025-08-22,48374,14042,25324,6905430086,False,1
2025-08-23,30667,8470,13188,3193894362,False,1
2025-08-24,38398,10146,15572,4930734585,False,1
2025-08-25,42071,10783,19568,10690392176,False,1
2025-08-26,50152,12231,23852,7336278183,False,1
2025-08-27,48096,9117,18810,8293089161,False,1
2025-08-28,40373,10644,18251,11548119113,False,1
2025-08-29,38972,8113,16359,15820600100,False,1
2025-08-30,31238,8939,15758,6028793845,False,1
2025-08-31,37016,11905,17566,5626780543,False,1
2025-09-01,41629,10425,19451,3295286544,False,1
2025-09-02,40158,9124,16301,8275212488,False,1
2025-09-03,48383,10083,20937,7781495479,False,1
2025-09-04,38688,10654,17943,5732430950,False,1
2025-09-05,40661,13432,18995,9569250360,False,1
2025-09-06,35007,10605,14424,5887995361,False,1
2025-09-07,46830,10254,17688,15332087300,False,1
2025-09-08,44467,13484,23326,7255277454,False,1
2025-09-09,55276,14995,25595,8821057744,False,1
2025-09-10,50450,13218,23833,4114316369,False,1
2025-09-11,39715,10809,17245,18194648512,False,1
2025-09-12,36859,8634,16105,10322357890,False,1
2025-09-13,34982,8045,13609,8567865168,False,1
2025-09-14,40382,10337,19785,6478530628,False,1
2025-09-15,62220,13573,36590,4808207864,False,1
2025-09-16,47743,14169,21463,8014423007,False,1
2025-09-17,50566,13098,23574,6012291883,False,1
2025-09-18,49632,15199,23450,13602265828,False,1
2025-09-19,40563,8116,18004,12468870773,False,1
2025-09-20,44274,15902,20009,6527979787,False,1
2025-09-21,30317,8903,14891,2677463747,False,1
2025-09-22,43160,10045,19872,15790794549,False,1
2025-09-23,44968,9714,20501,6867530714,False,1
2025-09-24,41086,9159,16527,7793915632,False,1
2025-09-25,33862,9040,15025,9471317525,False,1
2025-09-26,39629,7976,15267,13838601567,False,1
2025-09-27,30074,7202,12942,9008029408,False,1
2025-09-28,28050,7256,12430,4296644491,False,1
2025-09-29,60494,11007,36701,19863150956,False,1
2025-09-30,48448,12506,21116,21123037562,False,1
2025-10-01,46457,16294,21176,18353624215,False,1
2025-10-02,44840,11462,18813,9094480174,False,1
2025-10-03,44262,10437,20829,16275998696,False,1
2025-10-04,33394,9450,13433,6638012385,False,1
2025-10-05,38157,9925,15468,10779512807,False,1
2025-10-06,47936,9782,23333,11317539032,False,1
2025-10-07,32766,9613,15053,4677695230,False,1
2025-10-08,46026,9149,21153,11582850465,False,1
2025-10-09,50712,12643,22433,7562632821,False,1
2025-10-10,42898,11978,19508,9525679770,False,1
2025-10-11,34207,10339,17341,5375959703,False,1
2025-10-12,28472,8251,14657,3793185451,False,1
2025-10-13,48367,10116,23458,10302036628,False,1
2025-10-14,48701,11707,27075,16973419308,False,1
2025-10-15,57426,12667,30932,9557654355,False,1
2025-10-16,52594,11786,23418,5745774215,False,1
2025-10-17,59605,20127,29562,11095515821,False,1
2025-10-18,34461,8606,16222,2267414829,False,1
2025-10-19,32686,8065,14781,4544169324,False,1
2025-10-20,55302,20990,27691,10253847676,False,1
2025-10-21,48631,15540,22599,5988187405,False,1
2025-10-22,48445,9566,23838,5814239819,False,1
2025-10-23,42661,10261,21328,6003168485,False,1
2025-10-24,61323,14225,26132,11716688348,False,1
2025-10-25,45093,16098,22000,12571359186,False,1
2025-10-26,44810,14892,17723,5024060371,False,1
2025-10-27,63566,26873,33308,12469220831,False,1
2025-10-28,61434,23704,27951,9624106116,False,1
2025-10-29,58168,23381,26170,10303960690,False,1
2025-10-30,83799,30761,38429,26302561213,False,1
2025-10-31,63302,24454,30990,34670309081,False,1
2025-11-01,57018,25560,28004,3726474376,False,1
2025-11-02,63461,23100,29897,5451906328,False,1
2025-11-03,69640,25668,30848,14521000891,False,1
2025-11-04,78018,24436,41128,11349369052,False,1
2025-11-05,58954,23734,25745,18763585528,False,1
2025-11-06,59069,18128,29285,9468397292,False,1
2025-11-07,82280,26452,32833,15849635276,False,1
2025-11-08,53098,16826,21219,5061750056,False,1
2025-11-09,47941,17941,21357,4084616492,False,1
2025-11-10,148215,81998,69859,35843044107,False,1
2025-11-11,165617,90718,74926,46844088375,False,1
2025-11-12,69843,28376,31470,6510572215,False,1
2025-11-13,68855,26422,32899,9500967126,False,1
2025-11-14,58149,20777,29588,6145032541,False,1
2025-11-15,43160,20511,20053,11739228494,False,1
2025-11-16,49255,19859,23078,8418432634,False,1
2025-11-17,70261,21157,40707,13502963635,False,1
2025-11-18,59931,20246,29018,5978914731,False,1
2025-11-19,87153,32340,39251,15821434866,False,1
2025-11-20,57239,18771,25273,10151011980,False,1
2025-11-21,62440,16275,27726,14668446333,False,1
2025-11-22,51811,14022,21553,20301222246,False,1
2025-11-23,51435,15075,22060,13398393450,False,1
2025-11-24,68090,17070,30840,14006495778,False,1
2025-11-25,72837,16976,34789,12376795774,False,1
2025-11-26,67970,21097,30760,8711484943,False,1
2025-11-27,61735,19218,29287,10511987785,False,1
2025-11-28,49746,15084,22714,4181651235,False,1
2025-11-29,46797,14753,20761,5775384230,False,1
2025-11-30,61058,15776,26563,4864004347,False,1
2025-12-01,87013,29546,42416,39957941661,False,1
2025-12-02,125926,40872,79266,28109080600,False,1
2025-12-03,79510,28431,35747,7910638824,False,1
2025-12-04,131584,49981,89890,9171956435,False,1
2025-12-05,83158,23971,39678,11883816498,False,1
2025-12-06,81602,26434,41081,12369660590,False,1
2025-12-07,79981,27632,37982,16351116758,False,1
2025-12-08,70425,21651,31497,14598196709,False,1.0002556563978013
2025-12-09,100989,28919,42937,12960711959,False,1
2025-12-10,197844,58747,115370,25129514039,False,1
2025-12-11,93838,32498,47534,19444889007,False,1
2025-12-12,87703,31314,41481,14491046526,False,1
2025-12-13,59804,26592,30700,7268835530,False,1
2025-12-14,98552,35099,42314,18006624225,False,1
2025-12-15,410358,188674,202702,14633172100,False,1
2025-12-16,117532,50276,54987,17314274514,False,1
2025-12-17,90993,37694,49648,8550776954,False,1
2025-12-18,104201,32237,59985,7519881486,False,1
2025-12-19,109298,35353,50053,14364870865,False,1
2025-12-20,85245,27655,37456,9957497933,False,1
2025-12-21,90129,27369,43713,5924663811,False,1
2025-12-22,103492,35011,48639,14138924611,False,1
2025-12-23,90923,32749,47806,5200291231,False,1
2025-12-24,89197,23450,41725,7245904998,False,1
2025-12-25,104817,25458,55353,9019241512,False,1
2025-12-26,89466,28215,39420,12759100640,False,1
2025-12-27,76715,35605,37676,9198497159,False,1
2025-12-28,82136,31755,38896,6323502374,False,1
2025-12-29,76764,28755,38169,6793598524,False,1
2025-12-30,96255,38069,49006,10330932951,False,1
2025-12-31,84635,28398,39855,10436363626,False,1
2026-01-01,71488,29315,33021,12587239082,False,1
2026-01-02,95764,22204,40962,7058224451,False,1
2026-01-03,68752,21820,31910,5118432467,False,1
2026-01-04,77343,21954,35284,5597666798,False,1
2026-01-05,88140,28533,40307,11249306040,False,1
2026-01-06,76160,24892,35562,7659151879,False,1
2026-01-07,92083,25848,46086,10168593601,False,1
2026-01-08,131393,37804,72490,27204022747,False,1
2026-01-09,92854,18473,44676,20938320178,False,1
2026-01-10,89204,21605,43969,14055368997,False,1
2026-01-11,74680,17081,35070,6949255973,False,1
2026-01-12,94258,17081,46863,12328492413,False,1
2026-01-13,113956,20466,54822,19508162549,False,1
2026-01-14,78810,16911,37528,8153573935,False,1
2026-01-15,97909,26751,46290,17709927459,False,1
2026-01-16,88714,28482,39983,20328395902,False,1
2026-01-17,74025,24721,34458,8436638374,False,1
2026-01-18,76762,30336,37752,8533424278,False,1
2026-01-19,88134,25927,44265,9510144079,False,1
2026-01-20,92449,30366,45987,13457109805,False,1
2026-01-21,123825,45072,46011,23729989365,False,1
2026-01-22,96016,32641,2301,12568955681,False,1
2026-01-23,93207,33363,1298,10218958331,False,1
2026-01-24,70839,20622,609,14540254591,False,1
2026-01-25,137911,33793,8921,21553060114,False,1
2026-01-26,107716,34073,1742,19922211361,False,1
2026-01-27,105160,27267,1099,20392491786,False,1
2026-01-28,107953,29041,5008,21806153968,False,1.0000833765656265
2026-01-29,109629,26614,10616,17057847049,False,1
2026-01-30,150767,47103,1068,33171381911,False,1
2026-01-31,103105,22869,861,12811138045,False,1
2026-02-01,83761,23328,1776,12179603743,False,1
2026-02-02,92597,23672,2338,17257379688,False,1
2026-02-03,112310,26716,1160,14885933549,False,1
2026-02-04,138378,38423,1151,24763897488,False,1.0001300954032957
2026-02-05,96059,22484,2175,16184032922,False,1
2026-02-06,97132,21364,5737,17531249013,False,1
2026-02-07,88679,26003,574,6959125887,False,1
2026-02-08,169666,58957,1727,23868639389,False,1
2026-02-09,182079,31700,37447,20589241918,False,1
2026-02-10,124320,30083,2286,25595391880,False,1
2026-02-11,100621,28990,845,13176757674,False,1
2026-02-12,121493,30225,24036,17997709324,False,1
2026-02-13,130296,35634,17798,31375025621,False,1
2026-02-14,1498154,1375800,7939,33295075140,False,1
2026-02-15,2595018,2476233,2219,32324465480,False,1
2026-02-16,1312359,1195290,959,23467213665,False,1
2026-02-17,532551,441305,1690,19935110851,False,1
2026-02-18,466803,371174,1786,13597884008,False,1
2026-02-19,189870,91302,847,15022642071,False,1
2026-02-20,163953,76796,2675,21983970344,False,1
2026-02-21,190381,85397,1520,30581630983,False,1
2026-02-22,281080,135010,4360,51514410145,False,1
2026-02-23,656598,457762,5206,27562770925,False,1
2026-02-24,669400,490467,1137,29279528286,False,1
2026-02-25,1015282,844983,1971,72030740922,False,1
2026-02-26,1438172,1226345,2436,86266103696,False,1
2026-02-27,695127,572974,2077,33780174446,False,1.000012947442017
2026-02-28,876475,661992,1869,56299727815,False,1.000051344659585
2026-03-01,647988,444118,1138,44670708741,False,1.0000138893390063
2026-03-02,416425,238544,2209,52967673714,False,1
2026-03-03,495774,351340,2542,37157635097,False,1.0000363081838646
2026-03-04,423714,309838,1564,23416236877,False,1.0000637262885101
2026-03-05,323876,220718,3590,25526604230,False,1
2026-03-06,590171,459999,24834,24296982547,False,1
2026-03-07,728534,641549,1374,26662288204,False,1.0000123537284238
2026-03-08,756373,618971,18958,21080908962,False,1.0000356979477647
2026-03-09,480555,358818,2117,29951715021,False,1
2026-03-10,956049,831131,1568,37208180487,False,1.0000094138320572
2026-03-11,839756,725312,791,37296534602,False,1.000042871433335
2026-03-12,864953,626869,11695,44156581311,False,1
2026-03-13,752316,654639,705,34948460008,False,1
2026-03-14,890859,810826,1679,30825873533,False,1.000010102710894
2026-03-15,1214083,1114138,2058,35945041785,False,1.0000074130571943
2026-03-16,1501665,1386442,2068,48866401089,False,1.0000059933833048
2026-03-17,1483761,1378302,573,40957001994,False,1
2026-03-18,1484529,1359663,18680,41433115147,False,1
2026-03-19,1552515,1417557,24083,41207117665,False,1.0000347834824836
2026-03-20,1802017,1670280,11733,46609106562,False,1.0000049944284377
2026-03-21,1798549,1706293,2403,43343060523,False,1
2026-03-22,1613517,1533527,541,41028841338,False,1
2026-03-23,2453614,2006211,8730,62809743486,False,1.0000146724497856
2026-03-24,1859849,1676715,8566,53805668304,False,1
2026-03-25,1821069,1713434,1369,45120033206,False,1
2026-03-26,2111532,1886864,1388,48581986465,False,1.0000042623262924
2026-03-27,1614728,1496409,11154,53745219702,False,1.0000557400482337
2026-03-28,1301047,1176444,6486,43174664542,False,1
2026-03-29,1351778,1287567,815,42054214900,False,1
2026-03-30,2435825,2310231,898,55166521202,False,1
2026-03-31,1841868,1705552,6144,58376233291,False,1.0000048863675233
2026-04-01,1926085,1794561,1279,40275122913,False,1
2026-04-02,3101129,3002684,1288,53383284766,False,1.000011608810184
2026-04-03,2324279,2212194,1867,64905170828,False,1.0000038721835243
2026-04-04,1722908,1598047,11956,44525589211,False,1
2026-04-05,2306794,2170141,2265,48708615407,False,1.0000156063184782
2026-04-06,2434267,2319623,930,46099912629,False,1.0000036972251913
2026-04-07,2617578,2455513,1697,55427539091,False,1
2026-04-08,2610051,2455629,1228,58171767270,False,1
2026-04-09,3202992,3059513,1971,56678335821,False,1
2026-04-10,2705804,2601481,3888,55050177610,False,1.0000432422523373
2026-04-11,3159426,3073925,1725,60866584965,False,1.0000028486268195
2026-04-12,3422526,3303662,1187,54584750718,False,1
2026-04-13,3065746,2956884,1393,62810274679,False,1
2026-04-14,2284879,2161689,10276,60107151888,False,1
2026-04-15,3191020,3061811,3653,67272506195,False,1
2026-04-16,3623418,3502242,2050,58956528796,False,1
2026-04-17,3555530,3430767,1387,65687725219,False,1
2026-04-18,5564032,5476299,1533,72740579197,False,1
2026-04-19,3988370,3885358,2905,56984911175,False,1.000029336152947
2026-04-20,3921788,3800594,6519,50926112121,False,1
2026-04-21,2599024,2499360,1652,40014574403,False,1
2026-04-22,3861603,3749155,1568,56015117780,False,1.0000116533274912
2026-04-23,4805236,4699500,9781,67089195722,False,1.0000337143611109
2026-04-24,4694581,4605631,1359,64066601690,False,1
2026-04-25,4939206,4854377,1647,60757293142,False,1
2026-04-26,4739693,4675987,770,54693365396,False,1
2026-04-27,4412312,4318531,1474,63430480159,False,1.000014278432609
2026-04-28,5162269,4998662,20925,88536067183,False,1.0000034868509882
2026-04-29,5450866,5344930,1643,72981517800,False,1.000021464939956
2026-04-30,6799778,6697648,5012,82048532374,False,1.0000860396226434
2026-05-01,5856082,5734521,5604,76199328425,False,1
2026-05-02,3487375,3388799,5557,61611747927,False,1
2026-05-03,5137312,5046194,2313,56086978926,False,1
2026-05-04,5852196,5745646,13357,80355201942,False,1
2026-05-05,6103368,5997398,2288,69533770592,False,1.0000029492000295
2026-05-06,4377167,4265546,1373,68967131475,False,1.000063743920338
2026-05-07,4824496,4658353,20058,73825059245,False,1.0000018654833145
2026-05-08,3642853,3520630,930,76162464848,False,1.0000074118280697
2026-05-09,6536039,6453720,996,83530117282,False,1
2026-05-10,6224372,6113285,10602,88888206856,False,1
2026-05-11,5722664,5600170,1051,67528633982,False,1
2026-05-12,4200856,4085393,10075,66223911818,False,1.0000128546882239
2026-05-13,5956773,5846585,636,78775201872,False,1.000007554482931
2026-05-14,6846000,6750227,1278,84407513069,False,1.0000013146380122
2026-05-15,5302395,5197410,3066,71110100205,False,1
2026-05-16,2899219,2831407,1937,45988527165,False,1
2026-05-17,3344877,3276956,1751,47869629722,False,1
2026-05-18,5478949,5394175,1581,66346900867,False,1.0000016426535059
2026-05-19,6052432,5956806,1867,69441874914,False,1
2026-05-20,4398861,4288867,3097,71872488303,False,1.0000245524129225
2026-05-21,5988734,5865420,3180,74634960111,False,1.0000450866866695
2026-05-22,6252530,6146304,16937,73137993391,False,1
2026-05-23,3661535,3575727,3199,54748616283,False,1
2026-05-24,4009736,3909255,1536,48598548093,False,1
2026-05-25,3826283,3732642,2945,42135704962,False,1
2026-05-26,4523443,4431833,2365,46897559024,False,1.0000039792856077
2026-05-27,4710946,4609515,1990,59293830876,False,1.0000114627972791
2026-05-28,5610869,5514218,10501,60245470242,False,1.0000192487257968
2026-05-29,4693340,4584060,6209,52184664896,False,1.000009588146494
2026-05-30,5137143,5076539,1637,47393650423,False,1
2026-05-31,4055068,3991404,1275,40223983218,False,1
2026-06-01,4581428,4459295,30035,51244385882,False,1
2026-06-02,4464262,4379317,7125,45371963297,False,1.0000040320376753
2026-06-03,2216237,2109664,2040,32425677198,False,1.0001502772683293
2026-06-04,1127813,1048225,1397,25425683385,False,1.000007980110019
2026-06-05,1013214,933812,1235,29304392757,False,1
2026-06-06,939063,866839,4430,20107300162,False,1
2026-06-07,2220463,2138293,16779,35772366668,False,1
2026-06-08,2809592,2716734,2018,34142998610,False,1.0000128134125108
2026-06-09,1428840,1295774,1467,38891846050,False,1.0000314950710214
2026-06-10,1147482,1047932,2588,29182261393,False,1
2026-06-11,1472404,1374848,2116,24319184252,False,1.0000122250551147
2026-06-12,2150092,2040134,3001,45409146278,False,1
2026-06-13,3207736,3106936,1976,40566484333,False,1
2026-06-14,2864295,2745544,2818,38714978864,False,1
2026-06-15,3038262,2909265,1670,51350921173,False,1
2026-06-16,2935552,2840970,1877,43913598249,False,1
2026-06-17,3260146,3163955,2247,44286089678,False,1
2026-06-18,3589930,3480878,3086,50201913088,False,1
2026-06-19,3490133,3385966,3064,42133966925,False,1
2026-06-20,3205295,3128310,1394,38221993578,False,1
2026-06-21,3443833,3347841,2345,45775004729,False,1
2026-06-22,10623297,10439606,12038,238671411153,False,1
2026-06-23,2906672,2774901,3156,48067381228,False,1
2026-06-24,2640110,2511473,16365,35394428040,False,1
2026-06-25,2949213,2811665,19532,65432316947,False,1.0000030516708915
2026-06-26,3121745,3016814,2478,59172131885,False,1.0000057660391188
2026-06-27,3197836,3104471,1812,56384099294,False,1
2026-06-28,3334579,3238736,6529,52821235396,False,1
2026-06-29,3323827,3199630,15295,68469042050,False,1
2026-06-30,4414175,4297952,15611,65374907171,False,1
2026-07-01,3571550,3428711,13643,58201556515,False,1
2026-07-02,3904036,3771273,5656,66600770292,False,1
2026-07-03,5009733,4896178,3581,65887860628,False,1
2026-07-04,4318648,4198445,4400,71123929311,False,1
2026-07-05,2845015,2721698,3747,47134482598,False,1
2026-07-06,3130376,2986204,3618,67581759182,False,1
2026-07-07,3560784,3381891,7114,97863081419,False,1
2026-07-08,3940482,3802148,4619,79797746465,False,1.0000045679899625
2026-07-09,3290276,3157230,14803,58767462718,False,1.0000027353403234
2026-07-10,2013852,1892224,4052,46652987448,False,1
2026-07-11,1614087,1503122,10509,36731022897,False,1
2026-07-12,2079366,1978008,22375,44173230192,False,1
2026-07-13,5547727,5348991,27570,90487034819,False,1.0000016222886599
2026-07-14,2175643,2040245,21490,51932201475,False,1.0000041367252028
2026-07-15,2871696,2699713,38583,55484910847,False,1.000003134046294
2026-07-16,2542522,2388103,18899,56865405208,False,1
2026-07-17,2349728,2197644,26853,57381666439,False,1.0000076605198087
2026-07-18,3265418,3066772,21748,69830586272,False,1
2026-07-19,3764661,3629946,21487,41047920548,False,1
2026-07-20,4382136,4208788,29134,53552537351,False,1
2026-07-21,3296710,3147708,21865,49903277779,False,1.0000027300019019
2026-07-22,4279539,4132431,18670,64934831072,False,1
2026-07-23,2843647,2658418,27582,84524150065,False,1
2026-07-24,3112228,2949563,29202,86087651795,False,1
2026-07-25,3033058,2828473,28496,61192249338,False,1
2026-07-26,2888786,2724113,26849,53166910016,False,1
2026-07-27,4018892,3787272,30013,110342059688,False,1.0000111972413979
2026-07-28,2613954,2436367,23775,59980242880,False,1.000003443071679
2026-07-29,2488103,2352516,22486,45813069219,False,1
2026-07-30,2936013,2755668,30983,75223576312,False,1
2026-07-31,3066143,2844975,37354,63673862595,False,1.0000088059290646
2026-08-01,3153070,2970554,27697,53339392391,False,1
2026-08-02,1994984,1342421,25440,52408270507,False,1
2026-08-03,2155715,1117589,28577,71859234613,False,1.0000208751803383
2026-08-04,2035736,907106,19333,35645795471,False,1.0001724489470052
2026-08-05,1834314,796492,21185,27642157002,False,1.0000392532719238
2026-08-06,1901422,661923,31577,36114502344,False,1.0000047333220083
2026-08-07,1225267,520322,21557,41075025056,False,1.000029382214456
2026-08-08,749630,503987,27481,42507431129,False,1.0000240124224264
2026-08-09,723677,405530,48176,36051669458,False,1
2026-08-10,540989,123178,34012,29084509519,False,1.0000610031130073
2026-08-11,789051,408685,29334,40512510657,False,1.0000114062369303
2026-08-12,495376,181015,39665,23869699743,False,1.0000545070243405
2026-08-13,626164,335714,21977,30184838934,False,1.000071871321586
2026-08-14,976867,621350,36066,39087130314,False,1
2026-08-15,956559,629797,18519,28339615727,False,1
2026-08-16,1692293,1366273,17276,31473609474,False,1.0000638228089718
2026-08-17,1032682,652773,25247,51803456016,False,1.0000174306453986
2026-08-18,864821,550159,23536,34114544376,False,1.0000104068861209
2026-08-19,744531,400417,21717,25047758228,False,1.0000846241880108
2026-08-20,917782,595048,19639,23308839029,False,1
2026-08-21,718749,352601,21315,26117964729,False,1.000075136184334
2026-08-22,899973,502396,26458,21852614154,False,1.0001600304057772
2026-08-23,841063,518753,17933,22761744461,False,1
2026-08-24,695901,243908,37083,27993277740,False,1
2026-08-25,701410,266544,22047,43039105416,False,1
2026-08-26,696701,202354,20669,32114534170,False,1
2026-08-27,111422,23500,3721,4125533652,True,1
