day,host,requests
2026-04-29,cc.pigsty.io,4493
2026-04-29,d.pigsty.io,41
2026-04-29,ddia.pigsty.io,893
2026-04-29,ddia2.pigsty.io,76
2026-04-29,doc.pigsty.io,962
2026-04-29,ext.pigsty.io,6032
2026-04-29,minio.pigsty.io,1134074
2026-04-29,pigsty.io,29000
2026-04-29,repo.pigsty.io,15341
2026-04-29,silo.pigsty.io,1375697
2026-04-29,zh.pigsty.io,21
2026-04-30,cc.pigsty.io,3689
2026-04-30,d.pigsty.io,732
2026-04-30,ddia.pigsty.io,397
2026-04-30,ddia2.pigsty.io,40
2026-04-30,doc.pigsty.io,608
2026-04-30,ext.pigsty.io,2039
2026-04-30,minio.pigsty.io,1056327
2026-04-30,pigsty.io,29980
2026-04-30,repo.pigsty.io,24271
2026-04-30,silo.pigsty.io,2058523
2026-04-30,zh.pigsty.io,29
2026-05-01,cc.pigsty.io,2734
2026-05-01,d.pigsty.io,37
2026-05-01,ddia.pigsty.io,438
2026-05-01,ddia2.pigsty.io,65
2026-05-01,doc.pigsty.io,805
2026-05-01,ext.pigsty.io,4966
2026-05-01,minio.pigsty.io,1105130
2026-05-01,pigsty.io,33380
2026-05-01,repo.pigsty.io,18873
2026-05-01,silo.pigsty.io,1533310
2026-05-01,zh.pigsty.io,129
2026-05-02,cc.pigsty.io,3852
2026-05-02,d.pigsty.io,223
2026-05-02,ddia.pigsty.io,1953
2026-05-02,ddia2.pigsty.io,255
2026-05-02,doc.pigsty.io,3862
2026-05-02,ext.pigsty.io,3439
2026-05-02,g.pigsty.io,2
2026-05-02,minio.pigsty.io,740302
2026-05-02,pigsty.io,27311
2026-05-02,repo.pigsty.io,26238
2026-05-02,silo.pigsty.io,856049
2026-05-02,v40.pigsty.io,4
2026-05-02,zh.pigsty.io,246
2026-05-03,cc.pigsty.io,4934
2026-05-03,d.pigsty.io,30
2026-05-03,ddia.pigsty.io,588
2026-05-03,ddia2.pigsty.io,533
2026-05-03,doc.pigsty.io,2056
2026-05-03,ext.pigsty.io,1901
2026-05-03,minio.pigsty.io,1079922
2026-05-03,pigsty.io,22554
2026-05-03,repo.pigsty.io,17107
2026-05-03,silo.pigsty.io,1175554
2026-05-03,zh.pigsty.io,71
2026-05-04,cc.pigsty.io,2452
2026-05-04,d.pigsty.io,721
2026-05-04,ddia.pigsty.io,799
2026-05-04,ddia2.pigsty.io,26
2026-05-04,doc.pigsty.io,991
2026-05-04,ext.pigsty.io,2118
2026-05-04,minio.pigsty.io,1513196
2026-05-04,pigsty.io,38750
2026-05-04,repo.pigsty.io,11941
2026-05-04,silo.pigsty.io,1076150
2026-05-04,zh.pigsty.io,92
2026-05-05,cc.pigsty.io,1161
2026-05-05,d.pigsty.io,82
2026-05-05,ddia.pigsty.io,341
2026-05-05,ddia2.pigsty.io,1409
2026-05-05,doc.pigsty.io,1079
2026-05-05,ext.pigsty.io,1768
2026-05-05,minio.pigsty.io,1610158
2026-05-05,pigsty.io,31946
2026-05-05,repo.pigsty.io,19200
2026-05-05,silo.pigsty.io,1127093
2026-05-05,zh.pigsty.io,95
2026-05-06,cc.pigsty.io,3261
2026-05-06,d.pigsty.io,652
2026-05-06,ddia.pigsty.io,411
2026-05-06,ddia2.pigsty.io,1282
2026-05-06,doc.pigsty.io,4751
2026-05-06,ext.pigsty.io,2740
2026-05-06,g.pigsty.io,1
2026-05-06,minio.pigsty.io,1153172
2026-05-06,pigsty.io,24639
2026-05-06,repo.pigsty.io,16648
2026-05-06,silo.pigsty.io,719054
2026-05-06,v40.pigsty.io,1
2026-05-06,zh.pigsty.io,1841
2026-05-07,cc.pigsty.io,24627
2026-05-07,d.pigsty.io,107
2026-05-07,ddia.pigsty.io,811
2026-05-07,ddia2.pigsty.io,197
2026-05-07,doc.pigsty.io,3351
2026-05-07,ext.pigsty.io,3658
2026-05-07,g.pigsty.io,1
2026-05-07,minio.pigsty.io,1201619
2026-05-07,pigsty.io,35458
2026-05-07,repo.pigsty.io,30923
2026-05-07,silo.pigsty.io,819241
2026-05-07,v40.pigsty.io,1
2026-05-07,zh.pigsty.io,1330
2026-05-08,cc.pigsty.io,2338
2026-05-08,d.pigsty.io,265
2026-05-08,ddia.pigsty.io,1159
2026-05-08,ddia2.pigsty.io,699
2026-05-08,doc.pigsty.io,3719
2026-05-08,ext.pigsty.io,1682
2026-05-08,minio.pigsty.io,453715
2026-05-08,pigsty.io,26370
2026-05-08,repo.pigsty.io,25446
2026-05-08,silo.pigsty.io,914937
2026-05-08,zh.pigsty.io,675
2026-05-09,cc.pigsty.io,3585
2026-05-09,d.pigsty.io,317
2026-05-09,ddia.pigsty.io,633
2026-05-09,ddia2.pigsty.io,526
2026-05-09,doc.pigsty.io,2762
2026-05-09,ext.pigsty.io,1591
2026-05-09,minio.pigsty.io,1316889
2026-05-09,pigsty.io,175013
2026-05-09,repo.pigsty.io,13347
2026-05-09,silo.pigsty.io,1347241
2026-05-09,zh.pigsty.io,3533
2026-05-10,cc.pigsty.io,2710
2026-05-10,d.pigsty.io,5966
2026-05-10,ddia.pigsty.io,1012
2026-05-10,ddia2.pigsty.io,356
2026-05-10,doc.pigsty.io,4035
2026-05-10,ext.pigsty.io,2727
2026-05-10,minio.pigsty.io,1275741
2026-05-10,pigsty.io,400307
2026-05-10,repo.pigsty.io,22112
2026-05-10,silo.pigsty.io,1113950
2026-05-10,zh.pigsty.io,39
2026-05-11,cc.pigsty.io,3918
2026-05-11,d.pigsty.io,419
2026-05-11,ddia.pigsty.io,1624
2026-05-11,ddia2.pigsty.io,494
2026-05-11,doc.pigsty.io,1866
2026-05-11,ext.pigsty.io,2542
2026-05-11,g.pigsty.io,1
2026-05-11,minio.pigsty.io,1290922
2026-05-11,pigsty.io,35033
2026-05-11,repo.pigsty.io,17015
2026-05-11,silo.pigsty.io,1220196
2026-05-11,v40.pigsty.io,1
2026-05-11,zh.pigsty.io,1602
2026-05-12,cc.pigsty.io,3069
2026-05-12,d.pigsty.io,291
2026-05-12,ddia.pigsty.io,596
2026-05-12,ddia2.pigsty.io,135
2026-05-12,doc.pigsty.io,1959
2026-05-12,ext.pigsty.io,2167
2026-05-12,minio.pigsty.io,709849
2026-05-12,pigsty.io,38729
2026-05-12,repo.pigsty.io,32065
2026-05-12,silo.pigsty.io,1138114
2026-05-12,zh.pigsty.io,1104
2026-05-13,cc.pigsty.io,5394
2026-05-13,d.pigsty.io,44
2026-05-13,ddia.pigsty.io,325
2026-05-13,ddia2.pigsty.io,57
2026-05-13,doc.pigsty.io,939
2026-05-13,ext.pigsty.io,1799
2026-05-13,g.pigsty.io,1
2026-05-13,minio.pigsty.io,1372085
2026-05-13,pigsty.io,27651
2026-05-13,repo.pigsty.io,24058
2026-05-13,silo.pigsty.io,1202601
2026-05-13,v40.pigsty.io,1
2026-05-13,zh.pigsty.io,567
2026-05-14,cc.pigsty.io,3437
2026-05-14,d.pigsty.io,183
2026-05-14,ddia.pigsty.io,1014
2026-05-14,ddia2.pigsty.io,121
2026-05-14,doc.pigsty.io,5323
2026-05-14,ext.pigsty.io,6219
2026-05-14,minio.pigsty.io,1387848
2026-05-14,pigsty.io,25754
2026-05-14,repo.pigsty.io,18357
2026-05-14,silo.pigsty.io,1632100
2026-05-14,zh.pigsty.io,57
2026-05-15,cc.pigsty.io,3048
2026-05-15,d.pigsty.io,16
2026-05-15,ddia.pigsty.io,725
2026-05-15,ddia2.pigsty.io,302
2026-05-15,demo.pigsty.io,1
2026-05-15,doc.pigsty.io,2435
2026-05-15,ext.pigsty.io,4342
2026-05-15,minio.pigsty.io,976297
2026-05-15,pigsty.io,36292
2026-05-15,repo.pigsty.io,20601
2026-05-15,silo.pigsty.io,1278602
2026-05-15,zh.pigsty.io,38
2026-05-16,cc.pigsty.io,2654
2026-05-16,d.pigsty.io,258
2026-05-16,ddia.pigsty.io,663
2026-05-16,ddia2.pigsty.io,398
2026-05-16,doc.pigsty.io,1791
2026-05-16,ext.pigsty.io,2532
2026-05-16,g.pigsty.io,1
2026-05-16,minio.pigsty.io,374248
2026-05-16,pigsty.io,19628
2026-05-16,repo.pigsty.io,20786
2026-05-16,silo.pigsty.io,690068
2026-05-16,v40.pigsty.io,1
2026-05-16,zh.pigsty.io,33
2026-05-17,cc.pigsty.io,3125
2026-05-17,d.pigsty.io,67
2026-05-17,ddia.pigsty.io,744
2026-05-17,ddia2.pigsty.io,95
2026-05-17,doc.pigsty.io,1597
2026-05-17,ext.pigsty.io,2700
2026-05-17,minio.pigsty.io,596382
2026-05-17,pigsty.io,19449
2026-05-17,repo.pigsty.io,13951
2026-05-17,silo.pigsty.io,695026
2026-05-17,zh.pigsty.io,601
2026-05-18,cc.pigsty.io,4888
2026-05-18,d.pigsty.io,26
2026-05-18,ddia.pigsty.io,1051
2026-05-18,ddia2.pigsty.io,535
2026-05-18,doc.pigsty.io,1022
2026-05-18,ext.pigsty.io,1393
2026-05-18,minio.pigsty.io,1094935
2026-05-18,pigsty.io,31023
2026-05-18,repo.pigsty.io,15558
2026-05-18,silo.pigsty.io,1241662
2026-05-18,zh.pigsty.io,122
2026-05-19,cc.pigsty.io,7790
2026-05-19,d.pigsty.io,315
2026-05-19,ddia.pigsty.io,957
2026-05-19,ddia2.pigsty.io,655
2026-05-19,doc.pigsty.io,686
2026-05-19,ext.pigsty.io,1705
2026-05-19,g.pigsty.io,1
2026-05-19,minio.pigsty.io,957282
2026-05-19,pigsty.io,26664
2026-05-19,repo.pigsty.io,24182
2026-05-19,silo.pigsty.io,1710659
2026-05-19,v40.pigsty.io,1
2026-05-19,zh.pigsty.io,61
2026-05-20,cc.pigsty.io,8911
2026-05-20,d.pigsty.io,10
2026-05-20,ddia.pigsty.io,686
2026-05-20,ddia2.pigsty.io,50
2026-05-20,doc.pigsty.io,1332
2026-05-20,ext.pigsty.io,1175
2026-05-20,minio.pigsty.io,334865
2026-05-20,pigsty.io,19320
2026-05-20,repo.pigsty.io,15386
2026-05-20,silo.pigsty.io,517477
2026-05-20,zh.pigsty.io,12
2026-08-01,beta.pro.pigsty.io,1304
2026-08-01,cc.pigsty.io,5385
2026-08-01,d.pigsty.io,932
2026-08-01,ddia.pigsty.io,1599
2026-08-01,ddia2.pigsty.io,9021
2026-08-01,doc.pigsty.io,3013
2026-08-01,ext.pigsty.io,6196
2026-08-01,minio.pigsty.io,454443
2026-08-01,pigsty.io,56974
2026-08-01,pro.pigsty.io,4
2026-08-01,repo.pigsty.io,23059
2026-08-01,silo.pigsty.io,730662
2026-08-01,zh.pigsty.io,1338
2026-08-02,beta.pro.pigsty.io,14
2026-08-02,cc.pigsty.io,3502
2026-08-02,d.pigsty.io,17966
2026-08-02,ddia.pigsty.io,645
2026-08-02,ddia2.pigsty.io,8343
2026-08-02,doc.pigsty.io,2503
2026-08-02,ext.pigsty.io,5868
2026-08-02,g.pigsty.io,1
2026-08-02,minio.pigsty.io,272763
2026-08-02,pigsty.io,51497
2026-08-02,pro.pigsty.io,36
2026-08-02,repo.pigsty.io,22812
2026-08-02,silo.pigsty.io,556668
2026-08-02,zh.pigsty.io,1102
2026-08-03,beta.pro.pigsty.io,690
2026-08-03,cc.pigsty.io,5706
2026-08-03,d.pigsty.io,5910
2026-08-03,ddia.pigsty.io,6243
2026-08-03,ddia2.pigsty.io,8097
2026-08-03,doc.pigsty.io,6751
2026-08-03,ext.pigsty.io,5692
2026-08-03,minio.pigsty.io,441709
2026-08-03,pigsty.io,116228
2026-08-03,pro.pigsty.io,314
2026-08-03,repo.pigsty.io,22025
2026-08-03,silo.pigsty.io,355543
2026-08-03,zh.pigsty.io,1120
2026-08-04,beta.pro.pigsty.io,4
2026-08-04,cc.pigsty.io,6870
2026-08-04,d.pigsty.io,774
2026-08-04,ddia.pigsty.io,1703
2026-08-04,ddia2.pigsty.io,411
2026-08-04,doc.pigsty.io,3724
2026-08-04,ext.pigsty.io,3573
2026-08-04,minio.pigsty.io,379359
2026-08-04,pigsty.io,68437
2026-08-04,pro.pigsty.io,10
2026-08-04,repo.pigsty.io,23885
2026-08-04,silo.pigsty.io,371329
2026-08-04,zh.pigsty.io,1534
2026-08-05,beta.pro.pigsty.io,7
2026-08-05,cc.pigsty.io,6293
2026-08-05,d.pigsty.io,667
2026-08-05,ddia.pigsty.io,697
2026-08-05,ddia2.pigsty.io,1260
2026-08-05,doc.pigsty.io,2376
2026-08-05,ext.pigsty.io,2744
2026-08-05,g.pigsty.io,2
2026-08-05,minio.pigsty.io,371823
2026-08-05,pigsty.io,58494
2026-08-05,pro.pigsty.io,2
2026-08-05,repo.pigsty.io,24755
2026-08-05,silo.pigsty.io,328050
2026-08-05,zh.pigsty.io,1035
2026-08-06,beta.pro.pigsty.io,2
2026-08-06,cc.pigsty.io,3908
2026-08-06,d.pigsty.io,493
2026-08-06,ddia.pigsty.io,1453
2026-08-06,ddia2.pigsty.io,508
2026-08-06,doc.pigsty.io,1929
2026-08-06,ext.pigsty.io,4822
2026-08-06,minio.pigsty.io,295533
2026-08-06,pigsty.io,47387
2026-08-06,pro.pigsty.io,5
2026-08-06,repo.pigsty.io,41937
2026-08-06,silo.pigsty.io,424289
2026-08-06,zh.pigsty.io,926
2026-08-07,cc.pigsty.io,4955
2026-08-07,d.pigsty.io,538
2026-08-07,ddia.pigsty.io,2042
2026-08-07,ddia2.pigsty.io,980
2026-08-07,doc.pigsty.io,2616
2026-08-07,ext.pigsty.io,3523
2026-08-07,minio.pigsty.io,225660
2026-08-07,pigsty.io,32997
2026-08-07,pro.pigsty.io,3
2026-08-07,repo.pigsty.io,25628
2026-08-07,silo.pigsty.io,297723
2026-08-07,zh.pigsty.io,1798
2026-08-08,beta.pro.pigsty.io,12
2026-08-08,cc.pigsty.io,5816
2026-08-08,d.pigsty.io,109
2026-08-08,ddia.pigsty.io,2161
2026-08-08,ddia2.pigsty.io,1795
2026-08-08,doc.pigsty.io,3078
2026-08-08,ext.pigsty.io,13998
2026-08-08,g.pigsty.io,2
2026-08-08,minio.pigsty.io,221750
2026-08-08,pig.pigsty.io,651
2026-08-08,pigsty.io,22836
2026-08-08,repo.pigsty.io,31878
2026-08-08,silo.pigsty.io,22610
2026-08-08,zh.pigsty.io,1726
2026-08-09,cc.pigsty.io,6202
2026-08-09,d.pigsty.io,1952
2026-08-09,ddia.pigsty.io,1546
2026-08-09,ddia2.pigsty.io,8732
2026-08-09,doc.pigsty.io,4586
2026-08-09,exp.pigsty.io,1136
2026-08-09,ext.pigsty.io,5711
2026-08-09,minio.pigsty.io,168460
2026-08-09,oink.pigsty.io,1768
2026-08-09,pig.pigsty.io,521
2026-08-09,pigsty.io,56189
2026-08-09,pro.pigsty.io,6
2026-08-09,repo.pigsty.io,32795
2026-08-09,silo.pigsty.io,32608
2026-08-09,sow.pigsty.io,570
2026-08-09,zh.pigsty.io,2219
2026-08-10,beta.pro.pigsty.io,6
2026-08-10,cc.pigsty.io,6212
2026-08-10,d.pigsty.io,948
2026-08-10,ddia.pigsty.io,1287
2026-08-10,ddia2.pigsty.io,3049
2026-08-10,doc.pigsty.io,2601
2026-08-10,exp.pigsty.io,2097
2026-08-10,ext.pigsty.io,2608
2026-08-10,minio.pigsty.io,26325
2026-08-10,oink.pigsty.io,326
2026-08-10,pig.pigsty.io,156
2026-08-10,pigsty.io,53086
2026-08-10,pro.pigsty.io,10
2026-08-10,repo.pigsty.io,30957
2026-08-10,silo.pigsty.io,102542
2026-08-10,sow.pigsty.io,130
2026-08-10,zh.pigsty.io,1634
2026-08-11,beta.pro.pigsty.io,19
2026-08-11,cc.pigsty.io,8877
2026-08-11,d.pigsty.io,520
2026-08-11,ddia.pigsty.io,1591
2026-08-11,ddia2.pigsty.io,2152
2026-08-11,doc.pigsty.io,3399
2026-08-11,exp.pigsty.io,2255
2026-08-11,ext.pigsty.io,3056
2026-08-11,g.pigsty.io,1
2026-08-11,minio.pigsty.io,144601
2026-08-11,oink.pigsty.io,1948
2026-08-11,pig.pigsty.io,5
2026-08-11,pigsty.io,42660
2026-08-11,pro.pigsty.io,5
2026-08-11,repo.pigsty.io,30865
2026-08-11,silo.pigsty.io,79108
2026-08-11,sow.pigsty.io,3018
2026-08-11,zh.pigsty.io,1642
2026-08-12,cc.pigsty.io,4647
2026-08-12,d.pigsty.io,269
2026-08-12,ddia.pigsty.io,585
2026-08-12,ddia2.pigsty.io,8722
2026-08-12,doc.pigsty.io,2466
2026-08-12,exp.pigsty.io,43
2026-08-12,ext.pigsty.io,3149
2026-08-12,minio.pigsty.io,48602
2026-08-12,oink.pigsty.io,475
2026-08-12,pig.pigsty.io,34
2026-08-12,pigsty.io,57037
2026-08-12,pro.pigsty.io,1
2026-08-12,repo.pigsty.io,24946
2026-08-12,silo.pigsty.io,51067
2026-08-12,sow.pigsty.io,30
2026-08-12,zh.pigsty.io,1785
2026-08-13,beta.pro.pigsty.io,2
2026-08-13,cc.pigsty.io,292
2026-08-13,ddia.pigsty.io,56
2026-08-13,ddia2.pigsty.io,5
2026-08-13,doc.pigsty.io,454
2026-08-13,exp.pigsty.io,3
2026-08-13,ext.pigsty.io,79
2026-08-13,minio.pigsty.io,439
2026-08-13,pigsty.io,1799
2026-08-13,pro.pigsty.io,3
2026-08-13,repo.pigsty.io,2207
2026-08-13,silo.pigsty.io,2032
2026-08-13,zh.pigsty.io,123
2026-08-16,beta.pro.pigsty.io,5
2026-08-16,cc.pigsty.io,5625
2026-08-16,d.pigsty.io,1324
2026-08-16,ddia.pigsty.io,38
2026-08-16,ddia2.pigsty.io,860
2026-08-16,doc.pigsty.io,2690
2026-08-16,exp.pigsty.io,83
2026-08-16,ext.pigsty.io,3354
2026-08-16,minio.pigsty.io,652288
2026-08-16,oink.pigsty.io,68
2026-08-16,pig.pigsty.io,7
2026-08-16,pigsty.io,30647
2026-08-16,pro.pigsty.io,12
2026-08-16,repo.pigsty.io,18543
2026-08-16,silo.pigsty.io,36289
2026-08-16,sow.pigsty.io,10
2026-08-16,zh.pigsty.io,2894
2026-08-17,adm.pigsty.io,1
2026-08-17,beta.pro.pigsty.io,30
2026-08-17,cc.pigsty.io,4163
2026-08-17,d.pigsty.io,1033
2026-08-17,ddia.pigsty.io,838
2026-08-17,ddia2.pigsty.io,417
2026-08-17,doc.pigsty.io,3500
2026-08-17,exp.pigsty.io,19
2026-08-17,ext.pigsty.io,9387
2026-08-17,g.pigsty.io,3
2026-08-17,git.pigsty.io,1
2026-08-17,minio.pigsty.io,270911
2026-08-17,oink.pigsty.io,17
2026-08-17,pig.pigsty.io,7
2026-08-17,pigsty.io,43184
2026-08-17,pro.pigsty.io,9
2026-08-17,repo.pigsty.io,25641
2026-08-17,silo.pigsty.io,33857
2026-08-17,sow.pigsty.io,12
2026-08-17,wiki.pigsty.io,1
2026-08-17,zh.pigsty.io,2649
2026-08-18,beta.pro.pigsty.io,7
2026-08-18,cc.pigsty.io,4328
2026-08-18,cli.pigsty.io,6
2026-08-18,d.pigsty.io,1313
2026-08-18,ddia.pigsty.io,29
2026-08-18,ddia2.pigsty.io,453
2026-08-18,doc.pigsty.io,4414
2026-08-18,exp.pigsty.io,219
2026-08-18,ext.pigsty.io,3237
2026-08-18,get.pigsty.io,12
2026-08-18,git.pigsty.io,1
2026-08-18,h.pigsty.io,3
2026-08-18,minio.pigsty.io,230518
2026-08-18,odoo.pigsty.io,1
2026-08-18,oink.pigsty.io,16
2026-08-18,pig.pigsty.io,6
2026-08-18,pigsty.io,37029
2026-08-18,pro.pigsty.io,9
2026-08-18,repo.pigsty.io,23004
2026-08-18,silo.pigsty.io,34594
2026-08-18,sow.pigsty.io,7
2026-08-18,sss.pigsty.io,2
2026-08-18,wiki.pigsty.io,1
2026-08-18,zh.pigsty.io,2458
2026-08-19,adm.pigsty.io,1
2026-08-19,beta.pro.pigsty.io,12
2026-08-19,cc.pigsty.io,6707
2026-08-19,cli.pigsty.io,1
2026-08-19,d.pigsty.io,1107
2026-08-19,ddia.pigsty.io,5
2026-08-19,ddia2.pigsty.io,262
2026-08-19,doc.pigsty.io,3303
2026-08-19,exp.pigsty.io,5
2026-08-19,ext.pigsty.io,8668
2026-08-19,h.pigsty.io,3
2026-08-19,minio.pigsty.io,164932
2026-08-19,odoo.pigsty.io,2
2026-08-19,oink.pigsty.io,4
2026-08-19,pig.pigsty.io,7
2026-08-19,pigsty.io,35602
2026-08-19,pro.pigsty.io,8
2026-08-19,repo.pigsty.io,23691
2026-08-19,silo.pigsty.io,24404
2026-08-19,sow.pigsty.io,7
2026-08-19,sss.pigsty.io,2
2026-08-19,wiki.pigsty.io,1
2026-08-19,zh.pigsty.io,4256
2026-08-20,beta.pro.pigsty.io,4
2026-08-20,cc.pigsty.io,6723
2026-08-20,d.pigsty.io,919
2026-08-20,ddia.pigsty.io,12
2026-08-20,ddia2.pigsty.io,1088
2026-08-20,ddl.pigsty.io,2
2026-08-20,doc.pigsty.io,5528
2026-08-20,exp.pigsty.io,63
2026-08-20,ext.pigsty.io,5807
2026-08-20,g.pigsty.io,1
2026-08-20,minio.pigsty.io,262300
2026-08-20,odoo.pigsty.io,1
2026-08-20,oink.pigsty.io,76
2026-08-20,pig.pigsty.io,28
2026-08-20,pigsty.io,41384
2026-08-20,pro.pigsty.io,5
2026-08-20,repo.pigsty.io,18513
2026-08-20,silo.pigsty.io,33419
2026-08-20,sow.pigsty.io,39
2026-08-20,sss.pigsty.io,1
2026-08-20,wiki.pigsty.io,1
2026-08-20,zh.pigsty.io,1034
2026-08-21,beta.pro.pigsty.io,5
2026-08-21,cc.pigsty.io,4418
2026-08-21,d.pigsty.io,7251
2026-08-21,ddia.pigsty.io,6
2026-08-21,ddia2.pigsty.io,309
2026-08-21,doc.pigsty.io,3171
2026-08-21,exp.pigsty.io,40
2026-08-21,ext.pigsty.io,5761
2026-08-21,get.pigsty.io,15
2026-08-21,minio.pigsty.io,134436
2026-08-21,oink.pigsty.io,63
2026-08-21,pig.pigsty.io,1
2026-08-21,pigsty.io,41819
2026-08-21,pro.pigsty.io,6
2026-08-21,repo.pigsty.io,20812
2026-08-21,silo.pigsty.io,41845
2026-08-21,sow.pigsty.io,26
2026-08-21,zh.pigsty.io,1496
2026-08-22,beta.pro.pigsty.io,4
2026-08-22,cc.pigsty.io,4039
2026-08-22,d.pigsty.io,706
2026-08-22,ddia.pigsty.io,2
2026-08-22,ddia2.pigsty.io,500
2026-08-22,ddl.pigsty.io,1
2026-08-22,doc.pigsty.io,2334
2026-08-22,exp.pigsty.io,369
2026-08-22,ext.pigsty.io,1076
2026-08-22,h.pigsty.io,1
2026-08-22,minio.pigsty.io,211430
2026-08-22,odoo.pigsty.io,2
2026-08-22,oink.pigsty.io,9
2026-08-22,pig.pigsty.io,38
2026-08-22,pigsty.io,54215
2026-08-22,pro.pigsty.io,8
2026-08-22,repo.pigsty.io,18668
2026-08-22,silo.pigsty.io,41222
2026-08-22,sow.pigsty.io,15
2026-08-22,www.pigsty.io,1
2026-08-22,zh.pigsty.io,1554
2026-08-23,beta.pro.pigsty.io,2
2026-08-23,cc.pigsty.io,3945
2026-08-23,d.pigsty.io,1508
2026-08-23,ddia.pigsty.io,2
2026-08-23,ddia2.pigsty.io,596
2026-08-23,doc.pigsty.io,2241
2026-08-23,exp.pigsty.io,25
2026-08-23,ext.pigsty.io,52
2026-08-23,minio.pigsty.io,223860
2026-08-23,odoo.pigsty.io,2
2026-08-23,oink.pigsty.io,39
2026-08-23,pig.pigsty.io,9
2026-08-23,pigsty.io,28151
2026-08-23,pro.pigsty.io,9
2026-08-23,repo.pigsty.io,18050
2026-08-23,silo.pigsty.io,36690
2026-08-23,sow.pigsty.io,12
2026-08-23,zh.pigsty.io,1826
2026-08-24,beta.pro.pigsty.io,10
2026-08-24,cc.pigsty.io,6148
2026-08-24,d.pigsty.io,2113
2026-08-24,ddia.pigsty.io,1
2026-08-24,ddia2.pigsty.io,352
2026-08-24,doc.pigsty.io,6481
2026-08-24,exp.pigsty.io,163
2026-08-24,ext.pigsty.io,6
2026-08-24,g.pigsty.io,2
2026-08-24,minio.pigsty.io,65905
2026-08-24,oink.pigsty.io,36
2026-08-24,pig.pigsty.io,10
2026-08-24,pigsty.io,48294
2026-08-24,pro.pigsty.io,24
2026-08-24,repo.pigsty.io,19395
2026-08-24,silo.pigsty.io,40281
2026-08-24,sow.pigsty.io,17
2026-08-24,zh.pigsty.io,2969
2026-08-25,adm.pigsty.io,1
2026-08-25,beta.pro.pigsty.io,6
2026-08-25,cc.pigsty.io,4883
2026-08-25,d.pigsty.io,2608
2026-08-25,ddia.pigsty.io,2
2026-08-25,ddia2.pigsty.io,382
2026-08-25,doc.pigsty.io,7413
2026-08-25,exp.pigsty.io,78
2026-08-25,ext.pigsty.io,838
2026-08-25,g.pigsty.io,1
2026-08-25,minio.pigsty.io,87968
2026-08-25,oink.pigsty.io,9
2026-08-25,pig.pigsty.io,10
2026-08-25,pigsty.io,40286
2026-08-25,pro.pigsty.io,26
2026-08-25,repo.pigsty.io,31867
2026-08-25,silo.pigsty.io,29283
2026-08-25,sow.pigsty.io,8
2026-08-25,zh.pigsty.io,2890
2026-08-26,beta.pro.pigsty.io,11
2026-08-26,cc.pigsty.io,4108
2026-08-26,cli.pigsty.io,1
2026-08-26,d.pigsty.io,1692
2026-08-26,ddia.pigsty.io,3
2026-08-26,ddia2.pigsty.io,420
2026-08-26,ddl.pigsty.io,1
2026-08-26,doc.pigsty.io,5481
2026-08-26,exp.pigsty.io,465
2026-08-26,ext.pigsty.io,1
2026-08-26,minio.pigsty.io,57504
2026-08-26,oink.pigsty.io,474
2026-08-26,pig.pigsty.io,10
2026-08-26,pigsty.io,40646
2026-08-26,pro.pigsty.io,10
2026-08-26,repo.pigsty.io,23559
2026-08-26,silo.pigsty.io,40992
2026-08-26,sow.pigsty.io,8
2026-08-26,wiki.pigsty.io,2
2026-08-26,zh.pigsty.io,3038
2026-08-27,beta.pro.pigsty.io,1
2026-08-27,cc.pigsty.io,4802
2026-08-27,d.pigsty.io,58
2026-08-27,ddia2.pigsty.io,3136
2026-08-27,doc.pigsty.io,1123
2026-08-27,exp.pigsty.io,129
2026-08-27,ext.pigsty.io,6
2026-08-27,minio.pigsty.io,5609
2026-08-27,oink.pigsty.io,1
2026-08-27,pigsty.io,5624
2026-08-27,pro.pigsty.io,1
2026-08-27,repo.pigsty.io,3785
2026-08-27,silo.pigsty.io,6735
2026-08-27,zh.pigsty.io,1063
