site,month,views,recorded_days,start,end
aiempire.vonng.com,2026-08,61,9,2026-08-21,2026-08-31
aiempire.vonng.com,2026-09,494,29,2026-09-01,2026-09-30
aiempire.vonng.com,2026-10,57,1,2026-10-01,2026-10-01
capslock.vonng.com,2025-08,164,29,2025-08-03,2025-08-31
capslock.vonng.com,2025-09,115,28,2025-09-01,2025-09-30
capslock.vonng.com,2025-10,117,29,2025-10-01,2025-10-31
capslock.vonng.com,2025-11,182,30,2025-11-01,2025-11-30
capslock.vonng.com,2025-12,471,31,2025-12-01,2025-12-31
capslock.vonng.com,2026-01,426,31,2026-01-01,2026-01-31
capslock.vonng.com,2026-02,291,28,2026-02-01,2026-02-28
capslock.vonng.com,2026-03,298,31,2026-03-01,2026-03-31
capslock.vonng.com,2026-04,217,30,2026-04-01,2026-04-30
capslock.vonng.com,2026-05,184,31,2026-05-01,2026-05-31
capslock.vonng.com,2026-06,202,30,2026-06-01,2026-06-30
capslock.vonng.com,2026-07,171,31,2026-07-01,2026-07-31
capslock.vonng.com,2026-08,269,31,2026-08-01,2026-08-31
capslock.vonng.com,2026-09,223,30,2026-09-01,2026-09-30
capslock.vonng.com,2026-10,4,1,2026-10-01,2026-10-01
ddia.vonng.com,2025-08,24173,29,2025-08-03,2025-08-31
ddia.vonng.com,2025-09,18395,30,2025-09-01,2025-09-30
ddia.vonng.com,2025-10,21588,31,2025-10-01,2025-10-31
ddia.vonng.com,2025-11,27511,30,2025-11-01,2025-11-30
ddia.vonng.com,2025-12,25792,31,2025-12-01,2025-12-31
ddia.vonng.com,2026-01,24023,31,2026-01-01,2026-01-31
ddia.vonng.com,2026-02,29479,28,2026-02-01,2026-02-28
ddia.vonng.com,2026-03,29665,31,2026-03-01,2026-03-31
ddia.vonng.com,2026-04,23846,30,2026-04-01,2026-04-30
ddia.vonng.com,2026-05,23679,31,2026-05-01,2026-05-31
ddia.vonng.com,2026-06,22634,30,2026-06-01,2026-06-30
ddia.vonng.com,2026-07,24506,31,2026-07-01,2026-07-31
ddia.vonng.com,2026-08,28527,31,2026-08-01,2026-08-31
ddia.vonng.com,2026-09,39163,30,2026-09-01,2026-09-30
ddia.vonng.com,2026-10,944,1,2026-10-01,2026-10-01
dharma.vonng.com,2026-08,54,10,2026-08-21,2026-08-31
dharma.vonng.com,2026-09,7,5,2026-09-01,2026-09-05
doc.pgsty.com,2025-08,4407,28,2025-08-04,2025-08-31
doc.pgsty.com,2025-09,5358,30,2025-09-01,2025-09-30
doc.pgsty.com,2025-10,5331,31,2025-10-01,2025-10-31
doc.pgsty.com,2025-11,4606,30,2025-11-01,2025-11-30
doc.pgsty.com,2025-12,8447,31,2025-12-01,2025-12-31
doc.pgsty.com,2026-01,3354,31,2026-01-01,2026-01-31
doc.pgsty.com,2026-02,1724,28,2026-02-01,2026-02-28
doc.pgsty.com,2026-03,1368,31,2026-03-01,2026-03-31
doc.pgsty.com,2026-04,991,30,2026-04-01,2026-04-30
doc.pgsty.com,2026-05,1129,31,2026-05-01,2026-05-31
doc.pgsty.com,2026-06,986,30,2026-06-01,2026-06-30
doc.pgsty.com,2026-07,1324,31,2026-07-01,2026-07-31
doc.pgsty.com,2026-08,480,9,2026-08-01,2026-08-27
exp.pgsty.com,2025-08,121,16,2025-08-08,2025-08-29
exp.pgsty.com,2025-09,134,28,2025-09-01,2025-09-30
exp.pgsty.com,2025-10,322,30,2025-10-01,2025-10-31
exp.pgsty.com,2025-11,478,30,2025-11-01,2025-11-30
exp.pgsty.com,2025-12,414,31,2025-12-01,2025-12-31
exp.pgsty.com,2026-01,347,31,2026-01-01,2026-01-31
exp.pgsty.com,2026-02,272,27,2026-02-01,2026-02-28
exp.pgsty.com,2026-03,242,31,2026-03-01,2026-03-31
exp.pgsty.com,2026-04,252,29,2026-04-01,2026-04-30
exp.pgsty.com,2026-05,189,28,2026-05-01,2026-05-30
exp.pgsty.com,2026-06,151,26,2026-06-01,2026-06-30
exp.pgsty.com,2026-07,209,28,2026-07-01,2026-07-31
exp.pgsty.com,2026-08,321,30,2026-08-01,2026-08-31
exp.pgsty.com,2026-09,652,30,2026-09-01,2026-09-30
exp.pgsty.com,2026-10,11,1,2026-10-01,2026-10-01
oink.pgsty.com,2026-08,4877,22,2026-08-10,2026-08-31
oink.pgsty.com,2026-09,5487,30,2026-09-01,2026-09-30
oink.pgsty.com,2026-10,66,1,2026-10-01,2026-10-01
pg.center,2026-03,4273,5,2026-03-27,2026-03-31
pg.center,2026-04,13495,30,2026-04-01,2026-04-30
pg.center,2026-05,5673,31,2026-05-01,2026-05-31
pg.center,2026-06,3093,30,2026-06-01,2026-06-30
pg.center,2026-07,13803,31,2026-07-01,2026-07-31
pg.center,2026-08,3430,31,2026-08-01,2026-08-31
pg.center,2026-09,3297,29,2026-09-01,2026-09-30
pg.center,2026-10,2,1,2026-10-01,2026-10-01
pg36g.vonng.com,2025-08,3351,21,2025-08-11,2025-08-31
pg36g.vonng.com,2025-09,612,30,2025-09-01,2025-09-30
pg36g.vonng.com,2025-10,572,31,2025-10-01,2025-10-31
pg36g.vonng.com,2025-11,878,30,2025-11-01,2025-11-30
pg36g.vonng.com,2025-12,5253,31,2025-12-01,2025-12-31
pg36g.vonng.com,2026-01,3142,31,2026-01-01,2026-01-31
pg36g.vonng.com,2026-02,1447,28,2026-02-01,2026-02-28
pg36g.vonng.com,2026-03,841,31,2026-03-01,2026-03-31
pg36g.vonng.com,2026-04,436,30,2026-04-01,2026-04-30
pg36g.vonng.com,2026-05,305,31,2026-05-01,2026-05-31
pg36g.vonng.com,2026-06,323,30,2026-06-01,2026-06-30
pg36g.vonng.com,2026-07,285,31,2026-07-01,2026-07-31
pg36g.vonng.com,2026-08,2043,31,2026-08-01,2026-08-31
pg36g.vonng.com,2026-09,1811,30,2026-09-01,2026-09-30
pg36g.vonng.com,2026-10,4,1,2026-10-01,2026-10-01
pgint.vonng.com,2026-08,77,4,2026-08-28,2026-08-31
pgint.vonng.com,2026-09,776,30,2026-09-01,2026-09-30
pgint.vonng.com,2026-10,3,1,2026-10-01,2026-10-01
pgsql.cc,2026-08,99,8,2026-08-21,2026-08-31
pgsql.cc,2026-09,13366,30,2026-09-01,2026-09-30
pgsql.cc,2026-10,130,1,2026-10-01,2026-10-01
pgsty.com,2025-08,724,24,2025-08-08,2025-08-31
pgsty.com,2025-09,708,30,2025-09-01,2025-09-30
pgsty.com,2025-10,915,31,2025-10-01,2025-10-31
pgsty.com,2025-11,2159,30,2025-11-01,2025-11-30
pgsty.com,2025-12,2731,31,2025-12-01,2025-12-31
pgsty.com,2026-01,1545,31,2026-01-01,2026-01-31
pgsty.com,2026-02,1324,28,2026-02-01,2026-02-28
pgsty.com,2026-03,989,31,2026-03-01,2026-03-31
pgsty.com,2026-04,561,30,2026-04-01,2026-04-30
pgsty.com,2026-05,2465,31,2026-05-01,2026-05-31
pgsty.com,2026-06,1802,30,2026-06-01,2026-06-30
pgsty.com,2026-07,2807,31,2026-07-01,2026-07-31
pgsty.com,2026-08,572,7,2026-08-01,2026-08-08
pig.pgsty.com,2025-08,209,22,2025-08-04,2025-08-31
pig.pgsty.com,2025-09,170,27,2025-09-01,2025-09-30
pig.pgsty.com,2025-10,1558,31,2025-10-01,2025-10-31
pig.pgsty.com,2025-11,1412,30,2025-11-01,2025-11-30
pig.pgsty.com,2025-12,1075,31,2025-12-01,2025-12-31
pig.pgsty.com,2026-01,979,31,2026-01-01,2026-01-31
pig.pgsty.com,2026-02,2688,28,2026-02-01,2026-02-28
pig.pgsty.com,2026-03,2585,31,2026-03-01,2026-03-31
pig.pgsty.com,2026-04,1214,30,2026-04-01,2026-04-30
pig.pgsty.com,2026-05,626,31,2026-05-01,2026-05-31
pig.pgsty.com,2026-06,765,30,2026-06-01,2026-06-30
pig.pgsty.com,2026-07,788,31,2026-07-01,2026-07-31
pig.pgsty.com,2026-08,1510,31,2026-08-01,2026-08-31
pig.pgsty.com,2026-09,1414,30,2026-09-01,2026-09-30
pig.pgsty.com,2026-10,29,1,2026-10-01,2026-10-01
piglet.run,2026-08,18,8,2026-08-21,2026-08-31
piglet.run,2026-09,80,22,2026-09-01,2026-09-30
piglet.run,2026-10,1,1,2026-10-01,2026-10-01
pigsty.cc,2022-05,2093,12,2022-05-20,2022-05-31
pigsty.cc,2022-06,14499,30,2022-06-01,2022-06-30
pigsty.cc,2022-07,20656,31,2022-07-01,2022-07-31
pigsty.cc,2022-08,9947,31,2022-08-01,2022-08-31
pigsty.cc,2022-09,8069,30,2022-09-01,2022-09-30
pigsty.cc,2022-10,8227,31,2022-10-01,2022-10-31
pigsty.cc,2022-11,10946,30,2022-11-01,2022-11-30
pigsty.cc,2022-12,9167,31,2022-12-01,2022-12-31
pigsty.cc,2023-01,9796,31,2023-01-01,2023-01-31
pigsty.cc,2023-02,22976,28,2023-02-01,2023-02-28
pigsty.cc,2023-03,20778,31,2023-03-01,2023-03-31
pigsty.cc,2023-04,14657,30,2023-04-01,2023-04-30
pigsty.cc,2023-05,14843,31,2023-05-01,2023-05-31
pigsty.cc,2023-06,10290,30,2023-06-01,2023-06-30
pigsty.cc,2023-07,10249,31,2023-07-01,2023-07-31
pigsty.cc,2023-08,15955,31,2023-08-01,2023-08-31
pigsty.cc,2023-09,10888,30,2023-09-01,2023-09-30
pigsty.cc,2023-10,8309,31,2023-10-01,2023-10-31
pigsty.cc,2023-11,15597,30,2023-11-01,2023-11-30
pigsty.cc,2023-12,11204,31,2023-12-01,2023-12-31
pigsty.cc,2024-01,9249,31,2024-01-01,2024-01-31
pigsty.cc,2024-02,6889,29,2024-02-01,2024-02-29
pigsty.cc,2024-03,17475,31,2024-03-01,2024-03-31
pigsty.cc,2024-04,15110,30,2024-04-01,2024-04-30
pigsty.cc,2024-05,17403,31,2024-05-01,2024-05-31
pigsty.cc,2024-06,9919,30,2024-06-01,2024-06-30
pigsty.cc,2024-07,14398,31,2024-07-01,2024-07-31
pigsty.cc,2024-08,23426,31,2024-08-01,2024-08-31
pigsty.cc,2024-09,17407,30,2024-09-01,2024-09-30
pigsty.cc,2024-10,9561,31,2024-10-01,2024-10-31
pigsty.cc,2024-11,21476,30,2024-11-01,2024-11-30
pigsty.cc,2024-12,19207,31,2024-12-01,2024-12-31
pigsty.cc,2025-01,15015,31,2025-01-01,2025-01-31
pigsty.cc,2025-02,15471,28,2025-02-01,2025-02-28
pigsty.cc,2025-03,23019,31,2025-03-01,2025-03-31
pigsty.cc,2025-04,25211,30,2025-04-01,2025-04-30
pigsty.cc,2025-05,24714,31,2025-05-01,2025-05-31
pigsty.cc,2025-06,20433,30,2025-06-01,2025-06-30
pigsty.cc,2025-07,20815,31,2025-07-01,2025-07-31
pigsty.cc,2025-08,18871,31,2025-08-01,2025-08-31
pigsty.cc,2025-09,14576,30,2025-09-01,2025-09-30
pigsty.cc,2025-10,12122,31,2025-10-01,2025-10-31
pigsty.cc,2025-11,15429,30,2025-11-01,2025-11-30
pigsty.cc,2025-12,18353,31,2025-12-01,2025-12-31
pigsty.cc,2026-01,16704,31,2026-01-01,2026-01-31
pigsty.cc,2026-02,19230,28,2026-02-01,2026-02-28
pigsty.cc,2026-03,31774,31,2026-03-01,2026-03-31
pigsty.cc,2026-04,24416,30,2026-04-01,2026-04-30
pigsty.cc,2026-05,282813,31,2026-05-01,2026-05-31
pigsty.cc,2026-06,20627,30,2026-06-01,2026-06-30
pigsty.cc,2026-07,25757,31,2026-07-01,2026-07-31
pigsty.cc,2026-08,32797,31,2026-08-01,2026-08-31
pigsty.cc,2026-09,24185,30,2026-09-01,2026-09-30
pigsty.cc,2026-10,393,1,2026-10-01,2026-10-01
pigsty.io,2026-03,3741,9,2026-03-23,2026-03-31
pigsty.io,2026-04,13034,30,2026-04-01,2026-04-30
pigsty.io,2026-05,26147,31,2026-05-01,2026-05-31
pigsty.io,2026-06,15939,30,2026-06-01,2026-06-30
pigsty.io,2026-07,15242,31,2026-07-01,2026-07-31
pigsty.io,2026-08,18626,31,2026-08-01,2026-08-31
pigsty.io,2026-09,14900,30,2026-09-01,2026-09-30
pigsty.io,2026-10,447,1,2026-10-01,2026-10-01
silo.pgsty.com,2026-08,18344,30,2026-08-02,2026-08-31
silo.pgsty.com,2026-09,20888,30,2026-09-01,2026-09-30
silo.pgsty.com,2026-10,963,1,2026-10-01,2026-10-01
sow.pgsty.com,2026-08,235,22,2026-08-09,2026-08-31
sow.pgsty.com,2026-09,318,29,2026-09-01,2026-09-30
sow.pgsty.com,2026-10,12,1,2026-10-01,2026-10-01
tpme.vonng.com,2026-02,529,7,2026-02-21,2026-02-28
tpme.vonng.com,2026-03,287,30,2026-03-02,2026-03-31
tpme.vonng.com,2026-04,156,25,2026-04-01,2026-04-30
tpme.vonng.com,2026-05,183,26,2026-05-01,2026-05-31
tpme.vonng.com,2026-06,158,28,2026-06-01,2026-06-30
tpme.vonng.com,2026-07,154,31,2026-07-01,2026-07-31
tpme.vonng.com,2026-08,263,27,2026-08-03,2026-08-31
tpme.vonng.com,2026-09,472,29,2026-09-01,2026-09-30
tpme.vonng.com,2026-10,12,1,2026-10-01,2026-10-01
vonng.com,2023-11,10387,26,2023-11-05,2023-11-30
vonng.com,2023-12,7219,31,2023-12-01,2023-12-31
vonng.com,2024-01,5086,31,2024-01-01,2024-01-31
vonng.com,2024-02,2806,29,2024-02-01,2024-02-29
vonng.com,2024-03,5111,31,2024-03-01,2024-03-31
vonng.com,2024-04,5346,30,2024-04-01,2024-04-30
vonng.com,2024-05,3898,31,2024-05-01,2024-05-31
vonng.com,2024-06,3852,30,2024-06-01,2024-06-30
vonng.com,2024-07,4104,31,2024-07-01,2024-07-31
vonng.com,2024-08,5682,31,2024-08-01,2024-08-31
vonng.com,2024-09,4099,30,2024-09-01,2024-09-30
vonng.com,2024-10,2940,31,2024-10-01,2024-10-31
vonng.com,2024-11,2636,30,2024-11-01,2024-11-30
vonng.com,2024-12,2748,31,2024-12-01,2024-12-31
vonng.com,2025-01,2766,31,2025-01-01,2025-01-31
vonng.com,2025-02,2440,28,2025-02-01,2025-02-28
vonng.com,2025-03,3085,31,2025-03-01,2025-03-31
vonng.com,2025-04,1995,30,2025-04-01,2025-04-30
vonng.com,2025-05,2273,31,2025-05-01,2025-05-31
vonng.com,2025-06,2589,30,2025-06-01,2025-06-30
vonng.com,2025-07,2281,31,2025-07-01,2025-07-31
vonng.com,2025-08,3476,31,2025-08-01,2025-08-31
vonng.com,2025-09,2643,30,2025-09-01,2025-09-30
vonng.com,2025-10,2647,31,2025-10-01,2025-10-31
vonng.com,2025-11,6047,30,2025-11-01,2025-11-30
vonng.com,2025-12,62734,31,2025-12-01,2025-12-31
vonng.com,2026-01,22196,31,2026-01-01,2026-01-31
vonng.com,2026-02,12241,28,2026-02-01,2026-02-28
vonng.com,2026-03,10855,31,2026-03-01,2026-03-31
vonng.com,2026-04,12062,30,2026-04-01,2026-04-30
vonng.com,2026-05,10315,31,2026-05-01,2026-05-31
vonng.com,2026-06,12367,30,2026-06-01,2026-06-30
vonng.com,2026-07,15495,31,2026-07-01,2026-07-31
vonng.com,2026-08,22296,31,2026-08-01,2026-08-31
vonng.com,2026-09,20745,29,2026-09-01,2026-09-30
vonng.com,2026-10,558,1,2026-10-01,2026-10-01
