name,start,end,recorded_days,streams,last_synced
aiempire.vonng.com,2026-08-21,2026-10-01,39,1,2026-10-02 20:00:31.490095+08
capslock.vonng.com,2025-08-03,2026-10-01,421,1,2026-10-02 20:00:13.875311+08
ddia.vonng.com,2025-08-03,2026-10-01,425,1,2026-10-02 20:00:16.727147+08
dharma.vonng.com,2026-08-21,2026-09-05,15,1,2026-09-21 14:24:14.339268+08
doc.pgsty.com,2025-08-04,2026-08-27,371,1,2026-09-21 14:24:25.163374+08
exp.pgsty.com,2025-08-08,2026-10-01,396,1,2026-10-02 20:00:40.732729+08
ext.pgsty.com,,,0,1,
oink.pgsty.com,2026-08-10,2026-10-01,53,1,2026-10-02 20:00:43.04922+08
pg.center,2026-03-27,2026-10-01,188,2,2026-10-02 20:00:48.54856+08
pg36g.vonng.com,2025-08-11,2026-10-01,417,1,2026-10-02 20:00:21.613845+08
pgint.vonng.com,2026-08-28,2026-10-01,35,1,2026-10-02 20:00:34.673469+08
pgsql.cc,2026-08-21,2026-10-01,39,2,2026-10-02 20:01:00.273103+08
pgsty.com,2025-08-08,2026-08-08,365,2,2026-08-27 15:57:22.703847+08
pgsty.pro,,,0,1,
pig.pgsty.com,2025-08-04,2026-10-01,415,2,2026-10-02 20:01:07.325704+08
piglet.run,2026-08-21,2026-10-01,31,1,2026-10-02 20:01:09.222974+08
pigsty.cc,2022-05-20,2026-10-01,1596,1,2026-10-02 20:01:11.824206+08
pigsty.io,2026-03-23,2026-10-01,193,1,2026-10-02 20:01:14.34744+08
silo.pgsty.com,2026-08-02,2026-10-01,61,1,2026-10-02 20:01:16.468373+08
sow.pgsty.com,2026-08-09,2026-10-01,52,1,2026-10-02 20:01:18.317106+08
tpme.vonng.com,2026-02-21,2026-10-01,204,1,2026-10-02 20:00:24.920416+08
vonng.com,2023-11-05,2026-10-01,1061,1,2026-10-02 20:00:28.053354+08
