name,url,created_at,stars,metadata_stars,forks,fork,archived,releases,assets,downloads,non_auxiliary_downloads,auxiliary_downloads
.github,https://github.com/pgsty/.github,2025-03-21T14:10:55Z,0,0,0,False,False,0,0,0,0,0
acdat,https://github.com/pgsty/acdat,2018-01-21T11:30:30Z,664,664,107,False,False,2,4,30,24,6
app,https://github.com/pgsty/app,2024-11-24T00:27:07Z,0,0,0,False,False,0,0,0,0,0
barn,https://github.com/pgsty/barn,2026-08-29T10:06:52Z,1,1,0,False,False,1,20,89,83,6
barn.pgsty.com,https://github.com/pgsty/barn.pgsty.com,2026-08-28T10:16:32Z,1,1,0,False,False,0,0,0,0,0
boar.pgsty.com,https://github.com/pgsty/boar.pgsty.com,2026-08-28T10:40:07Z,0,0,0,False,False,0,0,0,0,0
cat.pg.center,https://github.com/pgsty/cat.pg.center,2026-09-11T02:45:04Z,0,0,0,False,False,0,0,0,0,0
dbrank,https://github.com/pgsty/dbrank,2025-07-31T10:13:34Z,3,3,0,False,False,0,0,0,0,0
deb,https://github.com/pgsty/deb,2024-11-24T01:50:38Z,6,6,0,False,False,0,0,0,0,0
docker,https://github.com/pgsty/docker,2026-02-27T13:30:45Z,0,0,0,False,False,0,0,0,0,0
docs,https://github.com/pgsty/docs,2025-05-30T12:12:46Z,2,2,2,False,False,0,0,0,0,0
err.pg.center,https://github.com/pgsty/err.pg.center,2026-09-11T02:35:14Z,0,0,0,False,False,0,0,0,0,0
exp.pgsty.com,https://github.com/pgsty/exp.pgsty.com,2026-08-09T09:20:38Z,0,0,0,False,False,0,0,0,0,0
ext,https://github.com/pgsty/ext,2025-07-05T10:26:36Z,7,7,0,False,False,0,0,0,0,0
extension,https://github.com/pgsty/extension,2024-07-31T01:08:18Z,40,40,6,False,False,0,0,0,0,0
go-patroni,https://github.com/pgsty/go-patroni,2026-07-17T02:31:33Z,2,2,0,False,False,2,10,22,18,4
guc.pg.center,https://github.com/pgsty/guc.pg.center,2026-09-11T02:33:50Z,0,0,0,False,False,0,0,0,0,0
homebrew-infra,https://github.com/pgsty/homebrew-infra,2026-08-30T17:04:42Z,1,1,0,False,False,0,0,0,0,0
hugoThemesSiteBuilder,https://github.com/pgsty/hugoThemesSiteBuilder,2026-08-29T16:59:45Z,0,0,0,True,False,0,0,0,0,0
image,https://github.com/pgsty/image,2024-11-10T09:13:34Z,2,2,1,False,False,0,0,0,0,0
infra-pkg,https://github.com/pgsty/infra-pkg,2024-07-27T17:14:01Z,9,9,3,False,False,0,0,0,0,0
juicefs,https://github.com/pgsty/juicefs,2026-03-03T06:19:58Z,0,0,0,True,False,0,0,0,0,0
kes,https://github.com/pgsty/kes,2026-08-25T05:06:56Z,0,0,1,True,False,0,0,0,0,0
mc,https://github.com/pgsty/mc,2026-03-09T14:15:32Z,43,43,7,True,False,11,212,27326,23965,3361
minio-docs,https://github.com/pgsty/minio-docs,2026-02-14T02:21:05Z,43,43,2,True,False,0,0,0,0,0
oink,https://github.com/pgsty/oink,2026-08-09T07:08:41Z,112,112,12,False,False,9,0,0,0,0
oink-starter,https://github.com/pgsty/oink-starter,2026-08-28T12:21:05Z,5,5,1,False,False,0,0,0,0,0
oink.pgsty.com,https://github.com/pgsty/oink.pgsty.com,2026-08-09T09:18:21Z,8,8,3,False,False,0,0,0,0,0
openHalo,https://github.com/pgsty/openHalo,2025-04-02T01:45:49Z,0,0,0,True,False,0,0,0,0,0
oriolepg,https://github.com/pgsty/oriolepg,2025-04-05T08:35:08Z,0,0,0,True,False,1,1,5,5,0
pg_exporter,https://github.com/pgsty/pg_exporter,2019-12-06T08:17:23Z,365,365,60,False,False,33,250,120529,17862,102667
pg_idkit,https://github.com/pgsty/pg_idkit,2026-09-06T06:39:35Z,0,0,0,True,False,0,0,0,0,0
pg_summarize,https://github.com/pgsty/pg_summarize,2025-10-25T13:10:01Z,0,0,0,True,False,0,0,0,0,0
pg_vectorize,https://github.com/pgsty/pg_vectorize,2026-09-06T06:39:34Z,0,0,0,True,False,0,0,0,0,0
pg_walviz,https://github.com/pgsty/pg_walviz,2026-08-15T13:15:26Z,0,0,0,True,False,0,0,0,0,0
pgdoc,https://github.com/pgsty/pgdoc,2026-03-21T12:05:32Z,6,6,0,False,False,0,0,0,0,0
pgext,https://github.com/pgsty/pgext,2025-10-23T12:12:31Z,34,34,1,False,False,6,54,182,161,21
pgnls,https://github.com/pgsty/pgnls,2026-09-17T09:05:24Z,3,3,0,False,False,6,54,104,91,13
pgs3,https://github.com/pgsty/pgs3,2026-09-01T01:58:35Z,1,1,0,False,False,3,0,0,0,0
pgschema,https://github.com/pgsty/pgschema,2025-10-10T08:39:52Z,2,2,0,True,False,0,0,0,0,0
pgsty,https://github.com/pgsty/pgsty,2025-04-04T07:26:30Z,1,1,0,False,False,0,0,0,0,0
pgsty.com,https://github.com/pgsty/pgsty.com,2026-08-06T04:02:28Z,1,1,0,False,False,0,0,0,0,0
pgwasm,https://github.com/pgsty/pgwasm,2026-09-06T06:39:37Z,0,0,0,True,False,0,0,0,0,0
pgweb,https://github.com/pgsty/pgweb,2026-02-28T14:12:28Z,2,2,0,True,False,0,0,0,0,0
pig,https://github.com/pgsty/pig,2024-12-19T07:24:41Z,205,205,10,False,False,49,387,2482,2279,203
pig.center,https://github.com/pgsty/pig.center,2026-08-15T13:13:21Z,0,0,0,False,False,0,0,0,0,0
pig.pgsty.com,https://github.com/pgsty/pig.pgsty.com,2026-08-08T08:24:33Z,0,0,0,False,False,0,0,0,0,0
piglet.run,https://github.com/pgsty/piglet.run,2026-01-24T15:14:35Z,2,2,0,False,False,0,0,0,0,0
pigsty,https://github.com/pgsty/pigsty,2020-06-02T02:22:09Z,5758,5758,387,False,False,57,308,14507,14271,236
pigsty.cc,https://github.com/pgsty/pigsty.cc,2026-01-08T07:53:01Z,8,8,5,False,False,0,0,0,0,0
pigsty.io,https://github.com/pgsty/pigsty.io,2026-01-08T10:48:22Z,2,2,3,False,False,0,0,0,0,0
pkg,https://github.com/pgsty/pkg,2024-07-27T17:17:35Z,2,2,0,False,False,0,0,0,0,0
rpm,https://github.com/pgsty/rpm,2024-11-24T01:50:06Z,3,3,2,False,False,0,0,0,0,0
silo,https://github.com/pgsty/silo,2025-10-25T14:22:25Z,3787,3787,211,True,False,11,253,46881,43882,2999
silo-console,https://github.com/pgsty/silo-console,2026-03-14T03:33:53Z,7,7,5,True,False,8,171,522,455,67
silo-go,https://github.com/pgsty/silo-go,2026-08-26T11:33:00Z,0,0,0,True,False,1,0,0,0,0
silo-pkg,https://github.com/pgsty/silo-pkg,2026-03-24T01:42:33Z,2,2,1,True,False,8,0,0,0,0
silo.pgsty.com,https://github.com/pgsty/silo.pgsty.com,2026-08-02T06:57:41Z,6,6,1,False,False,0,0,0,0,0
sim,https://github.com/pgsty/sim,2026-08-08T12:47:30Z,0,0,0,False,False,0,0,0,0,0
sow,https://github.com/pgsty/sow,2026-08-07T23:23:30Z,4,4,0,False,False,3,27,179,163,16
sow.pgsty.com,https://github.com/pgsty/sow.pgsty.com,2026-08-07T23:24:36Z,0,0,0,False,False,0,0,0,0,0
wait.pg.center,https://github.com/pgsty/wait.pg.center,2026-09-11T02:33:39Z,0,0,0,False,False,0,0,0,0,0
