repository,month,retained_stars
acdat,2018-01,101
acdat,2018-02,35
acdat,2018-03,29
acdat,2018-04,14
acdat,2018-05,18
acdat,2018-06,19
acdat,2018-07,30
acdat,2018-08,10
acdat,2018-09,11
acdat,2018-10,11
acdat,2018-11,9
acdat,2018-12,8
acdat,2019-01,11
acdat,2019-02,5
acdat,2019-03,14
acdat,2019-04,16
acdat,2019-05,11
acdat,2019-06,10
acdat,2019-07,12
acdat,2019-08,15
acdat,2019-09,6
acdat,2019-10,5
acdat,2019-11,13
acdat,2019-12,16
acdat,2020-01,8
acdat,2020-02,8
acdat,2020-03,3
acdat,2020-04,9
acdat,2020-05,4
acdat,2020-06,9
acdat,2020-07,3
acdat,2020-08,10
acdat,2020-09,6
acdat,2020-10,3
acdat,2020-11,6
acdat,2020-12,8
acdat,2021-01,5
acdat,2021-02,4
acdat,2021-03,5
acdat,2021-04,3
acdat,2021-05,6
acdat,2021-06,4
acdat,2021-07,6
acdat,2021-08,4
acdat,2021-09,5
acdat,2021-10,2
acdat,2021-11,6
acdat,2021-12,5
acdat,2022-01,8
acdat,2022-02,3
acdat,2022-03,2
acdat,2022-04,9
acdat,2022-05,8
acdat,2022-06,2
acdat,2022-07,7
acdat,2022-08,4
acdat,2022-09,5
acdat,2022-10,1
acdat,2022-11,4
acdat,2022-12,1
acdat,2023-01,1
acdat,2023-02,2
acdat,2023-03,2
acdat,2023-04,2
acdat,2023-05,1
acdat,2023-06,3
acdat,2023-07,6
acdat,2023-09,1
acdat,2023-11,4
acdat,2023-12,4
acdat,2024-01,3
acdat,2024-02,2
acdat,2024-04,2
acdat,2024-05,1
acdat,2024-08,2
acdat,2024-09,2
acdat,2024-10,2
acdat,2024-11,1
acdat,2025-03,1
acdat,2025-04,1
acdat,2025-05,1
acdat,2025-06,1
acdat,2025-11,2
acdat,2026-07,1
acdat,2026-08,1
barn,2026-08,1
barn.pgsty.com,2026-08,1
dbrank,2025-07,2
dbrank,2025-08,1
deb,2026-02,1
deb,2026-03,1
deb,2026-04,1
deb,2026-08,1
deb,2026-09,2
docs,2025-05,2
ext,2025-07,5
ext,2025-09,2
extension,2024-10,6
extension,2024-11,11
extension,2024-12,4
extension,2025-01,6
extension,2025-02,5
extension,2025-03,1
extension,2025-06,1
extension,2025-07,1
extension,2025-11,1
extension,2025-12,1
extension,2026-04,1
extension,2026-05,1
extension,2026-09,1
go-patroni,2026-07,1
go-patroni,2026-08,1
homebrew-infra,2026-08,1
image,2024-11,1
image,2025-04,1
infra-pkg,2025-02,1
infra-pkg,2025-04,1
infra-pkg,2025-12,1
infra-pkg,2026-02,1
infra-pkg,2026-03,1
infra-pkg,2026-05,1
infra-pkg,2026-08,2
infra-pkg,2026-09,1
mc,2026-03,7
mc,2026-04,7
mc,2026-05,5
mc,2026-06,2
mc,2026-07,2
mc,2026-08,9
mc,2026-09,11
minio-docs,2026-02,8
minio-docs,2026-03,5
minio-docs,2026-04,2
minio-docs,2026-05,5
minio-docs,2026-06,7
minio-docs,2026-07,3
minio-docs,2026-08,5
minio-docs,2026-09,8
oink,2026-08,63
oink,2026-09,47
oink,2026-10,2
oink-starter,2026-08,1
oink-starter,2026-09,4
oink.pgsty.com,2026-08,4
oink.pgsty.com,2026-09,4
pg_exporter,2019-12,2
pg_exporter,2020-01,4
pg_exporter,2020-05,2
pg_exporter,2020-06,3
pg_exporter,2020-08,2
pg_exporter,2020-09,2
pg_exporter,2020-10,5
pg_exporter,2020-11,8
pg_exporter,2020-12,9
pg_exporter,2021-01,11
pg_exporter,2021-02,2
pg_exporter,2021-04,2
pg_exporter,2021-05,7
pg_exporter,2021-06,4
pg_exporter,2021-07,3
pg_exporter,2021-08,5
pg_exporter,2021-09,5
pg_exporter,2021-10,3
pg_exporter,2021-11,4
pg_exporter,2021-12,1
pg_exporter,2022-01,2
pg_exporter,2022-03,3
pg_exporter,2022-04,2
pg_exporter,2022-05,5
pg_exporter,2022-06,8
pg_exporter,2022-07,3
pg_exporter,2022-08,1
pg_exporter,2022-09,2
pg_exporter,2022-10,3
pg_exporter,2022-11,1
pg_exporter,2023-01,2
pg_exporter,2023-02,1
pg_exporter,2023-03,2
pg_exporter,2023-04,3
pg_exporter,2023-05,2
pg_exporter,2023-07,1
pg_exporter,2023-08,5
pg_exporter,2023-11,2
pg_exporter,2023-12,1
pg_exporter,2024-01,4
pg_exporter,2024-02,2
pg_exporter,2024-03,6
pg_exporter,2024-04,5
pg_exporter,2024-05,5
pg_exporter,2024-06,3
pg_exporter,2024-07,5
pg_exporter,2024-08,2
pg_exporter,2024-09,3
pg_exporter,2024-10,7
pg_exporter,2024-11,4
pg_exporter,2024-12,2
pg_exporter,2025-01,8
pg_exporter,2025-02,7
pg_exporter,2025-03,7
pg_exporter,2025-04,10
pg_exporter,2025-05,15
pg_exporter,2025-06,18
pg_exporter,2025-07,1
pg_exporter,2025-08,13
pg_exporter,2025-09,9
pg_exporter,2025-10,7
pg_exporter,2025-11,3
pg_exporter,2025-12,7
pg_exporter,2026-01,7
pg_exporter,2026-02,30
pg_exporter,2026-03,14
pg_exporter,2026-04,7
pg_exporter,2026-05,3
pg_exporter,2026-06,1
pg_exporter,2026-07,7
pg_exporter,2026-08,6
pg_exporter,2026-09,4
pgdoc,2026-09,6
pgext,2025-11,8
pgext,2025-12,5
pgext,2026-01,2
pgext,2026-02,5
pgext,2026-03,2
pgext,2026-04,2
pgext,2026-05,1
pgext,2026-06,1
pgext,2026-07,2
pgext,2026-08,4
pgext,2026-09,2
pgnls,2026-09,3
pgs3,2026-09,1
pgschema,2025-10,2
pgsty,2025-04,1
pgsty.com,2026-08,1
pgweb,2026-09,2
pig,2024-12,40
pig,2025-01,48
pig,2025-02,23
pig,2025-03,18
pig,2025-04,2
pig,2025-05,7
pig,2025-06,4
pig,2025-07,4
pig,2025-08,3
pig,2025-09,9
pig,2025-10,1
pig,2025-11,7
pig,2025-12,6
pig,2026-01,6
pig,2026-02,4
pig,2026-03,3
pig,2026-05,7
pig,2026-06,1
pig,2026-07,2
pig,2026-08,6
pig,2026-09,4
piglet.run,2026-01,2
pigsty,2020-10,4
pigsty,2020-11,8
pigsty,2020-12,8
pigsty,2021-01,20
pigsty,2021-02,3
pigsty,2021-03,14
pigsty,2021-04,8
pigsty,2021-05,13
pigsty,2021-06,31
pigsty,2021-07,31
pigsty,2021-08,17
pigsty,2021-09,16
pigsty,2021-10,13
pigsty,2021-11,23
pigsty,2021-12,41
pigsty,2022-01,20
pigsty,2022-02,12
pigsty,2022-03,73
pigsty,2022-04,36
pigsty,2022-05,104
pigsty,2022-06,54
pigsty,2022-07,92
pigsty,2022-08,18
pigsty,2022-09,16
pigsty,2022-10,21
pigsty,2022-11,19
pigsty,2022-12,13
pigsty,2023-01,32
pigsty,2023-02,135
pigsty,2023-03,138
pigsty,2023-04,47
pigsty,2023-05,41
pigsty,2023-06,37
pigsty,2023-07,29
pigsty,2023-08,129
pigsty,2023-09,311
pigsty,2023-10,62
pigsty,2023-11,372
pigsty,2023-12,95
pigsty,2024-01,43
pigsty,2024-02,55
pigsty,2024-03,330
pigsty,2024-04,125
pigsty,2024-05,115
pigsty,2024-06,55
pigsty,2024-07,63
pigsty,2024-08,253
pigsty,2024-09,106
pigsty,2024-10,62
pigsty,2024-11,114
pigsty,2024-12,99
pigsty,2025-01,65
pigsty,2025-02,38
pigsty,2025-03,58
pigsty,2025-04,60
pigsty,2025-05,96
pigsty,2025-06,70
pigsty,2025-07,78
pigsty,2025-08,76
pigsty,2025-09,54
pigsty,2025-10,55
pigsty,2025-11,54
pigsty,2025-12,125
pigsty,2026-01,122
pigsty,2026-02,217
pigsty,2026-03,175
pigsty,2026-04,111
pigsty,2026-05,95
pigsty,2026-06,56
pigsty,2026-07,61
pigsty,2026-08,339
pigsty,2026-09,172
pigsty,2026-10,5
pigsty.cc,2026-01,2
pigsty.cc,2026-03,1
pigsty.cc,2026-04,3
pigsty.cc,2026-07,1
pigsty.cc,2026-09,1
pigsty.io,2026-01,1
pigsty.io,2026-04,1
pkg,2024-12,1
pkg,2025-03,1
rpm,2025-02,1
rpm,2026-08,1
rpm,2026-09,1
silo,2025-10,1
silo,2025-12,5
silo,2026-01,5
silo,2026-02,602
silo,2026-03,518
silo,2026-04,265
silo,2026-05,187
silo,2026-06,160
silo,2026-07,159
silo,2026-08,740
silo,2026-09,1044
silo,2026-10,101
silo-console,2026-07,1
silo-console,2026-08,3
silo-console,2026-09,3
silo-pkg,2026-03,1
silo-pkg,2026-08,1
silo.pgsty.com,2026-09,6
sow,2026-08,4
